"USER","CASEN","STAGE","ANSWER","POINTS","CONFIDENCE","TIME"
"61","Case-01","Description Hypothesis","acs","1.0","60","116.29"
"61","Case-01","EKG Hypothesis","nstemi","1.0","85","44.17"
"61","Case-02","Description Hypothesis","gastrointestinal","1.0","85","102.18"
"61","Case-02","EKG Hypothesis","gastrointestinal","1.0","65","101.37"
"61","Case-03","Description Hypothesis","tendomyogenic","1.0","85","81.42"
"61","Case-03","EKG Hypothesis","tendomyogenic","1.0","85","31.00"
"61","Case-07","Description Hypothesis","pericarditis","1.0","50","67.92"
"61","Case-07","EKG Hypothesis","pericarditis","1.0","91","34.73"
"61","Case-08","Description Hypothesis","acs","1.0","70","49.27"
"61","Case-08","EKG Hypothesis","acs","1.0","90","33.66"
"61","Case-09","Description Hypothesis","acs","1.0","75","67.40"
"61","Case-09","EKG Hypothesis","acs","1.0","84","36.09"
"61","Case-12","Description Hypothesis","afib","0.5","50","148.74"
"61","Case-12","EKG Hypothesis","transient tachycardia","0.5","60","58.12"
"61","Case-13","Description Hypothesis","acs","1.0","81","36.46"
"61","Case-13","EKG Hypothesis","acs","1.0","90","37.14"
"61","Case-15","Description Hypothesis","acs","1.0","89","43.97"
"61","Case-15","EKG Hypothesis","acs","1.0","90","15.16"
"61","Case-16","Description Hypothesis","acs","1.0","80","51.14"
"61","Case-16","EKG Hypothesis","acs 3vd","1.0","89","23.69"
"61","Case-17","Description Hypothesis","hyperventilation","0.0","61","81.19"
"61","Case-17","EKG Hypothesis","acs","0.5","80","19.97"
"61","Case-19","Description Hypothesis","acs","1.0","72","50.71"
"61","Case-19","EKG Hypothesis","acs","1.0","80","24.21"
"62","Case-01","Description Hypothesis","acs","1.0","71","69.47"
"62","Case-01","EKG Hypothesis","doorgemaakt ip infarct. st depressie lateraal.. dd maag","0.5","72","86.16"
"62","Case-02","Description Hypothesis","maagklachten","1.0","73","45.87"
"62","Case-02","EKG Hypothesis","geen acs.. maagklachten","1.0","85","18.30"
"62","Case-03","Description Hypothesis","hyperventilatie","1.0","72","26.38"
"62","Case-03","EKG Hypothesis","hyperventilatie.. dd le danwel costomyogeen; geen acd","1.0","82","41.53"
"62","Case-07","Description Hypothesis","pericarditis","1.0","75","31.71"
"62","Case-07","EKG Hypothesis","pericarditis","1.0","90","17.48"
"62","Case-08","Description Hypothesis","iap","1.0","75","31.14"
"62","Case-08","EKG Hypothesis","iap: proximale lad letsel","1.0","98","39.35"
"62","Case-09","Description Hypothesis","pleuritis bij pneumonie","0.0","76","87.01"
"62","Case-09","EKG Hypothesis","pericarditis/pleuritis; geen acs; slecht ecg","0.0","72","78.04"
"62","Case-12","Description Hypothesis","acs","0.0","60","45.28"
"62","Case-12","EKG Hypothesis","acs dd gastro","0.0","57","40.63"
"62","Case-13","Description Hypothesis","acs","1.0","73","18.51"
"62","Case-13","EKG Hypothesis","geen acs ecg.. markers afwachten","0.5","43","56.08"
"62","Case-15","Description Hypothesis","iap","1.0","85","18.68"
"62","Case-15","EKG Hypothesis","iap","1.0","85","12.06"
"62","Case-16","Description Hypothesis","acs","1.0","72","62.44"
"62","Case-16","EKG Hypothesis","acs met panischemie ecg dd 3vd dd hoofdstam","1.0","80","35.07"
"62","Case-17","Description Hypothesis","gastro intestinaal/spanning","0.0","71","40.63"
"62","Case-17","EKG Hypothesis","gastro intestinaal / spanning: ecg lvh","0.0","77","63.32"
"62","Case-19","Description Hypothesis","acs","1.0","80","25.08"
"62","Case-19","EKG Hypothesis","nstemi.. doorgemaakt posterior infarct op ecg..","0.5","72","75.37"
"63","Case-01","Description Hypothesis","reflux","0.0","27","148.21"
"63","Case-01","EKG Hypothesis","nstemi","1.0","39","41.93"
"63","Case-02","Description Hypothesis","gastritis","1.0","33","40.38"
"63","Case-02","EKG Hypothesis","gastritis","1.0","57","40.66"
"63","Case-03","Description Hypothesis","tendomyogeen","1.0","35","93.44"
"63","Case-03","EKG Hypothesis","tendomyogeen","1.0","41","48.95"
"63","Case-07","Description Hypothesis","tendomyogeen","0.0","23","77.78"
"63","Case-07","EKG Hypothesis","pericarditis","1.0","38","73.92"
"63","Case-08","Description Hypothesis","acs","1.0","60","69.13"
"63","Case-08","EKG Hypothesis","acs","1.0","49","55.14"
"63","Case-09","Description Hypothesis","acs","1.0","49","52.61"
"63","Case-09","EKG Hypothesis","acs","1.0","56","57.77"
"63","Case-12","Description Hypothesis","af","0.5","51","90.75"
"63","Case-12","EKG Hypothesis",".","0.0","35","27.44"
"63","Case-13","Description Hypothesis","acs","1.0","42","40.52"
"63","Case-13","EKG Hypothesis","acs","1.0","41","35.30"
"63","Case-15","Description Hypothesis","acs","1.0","62","82.10"
"63","Case-15","EKG Hypothesis","acs","1.0","48","22.19"
"63","Case-16","Description Hypothesis","acs","1.0","25","116.77"
"63","Case-16","EKG Hypothesis","acs","1.0","55","29.47"
"63","Case-17","Description Hypothesis","acs","0.5","16","195.16"
"63","Case-17","EKG Hypothesis","acs","0.5","41","8.88"
"63","Case-19","Description Hypothesis","acs","1.0","46","43.49"
"63","Case-19","EKG Hypothesis","acs","1.0","33","21.19"
"64","Case-01","Description Hypothesis","gastritis","0.0","96","30.43"
"64","Case-01","EKG Hypothesis","acs","1.0","58","21.91"
"64","Case-02","Description Hypothesis","gastritis","1.0","69","53.01"
"64","Case-02","EKG Hypothesis","gatritis","1.0","79","46.45"
"64","Case-03","Description Hypothesis","costomyogeen","1.0","99","34.72"
"64","Case-03","EKG Hypothesis","costomyogeen","1.0","100","7.58"
"64","Case-09","Description Hypothesis","acs","1.0","80","47.86"
"64","Case-09","EKG Hypothesis","costomyogeen","0.0","24","77.67"
"64","Case-12","Description Hypothesis","vasovagaal","0.5","95","48.47"
"64","Case-12","EKG Hypothesis","vadovagaal","0.5","99","19.52"
"64","Case-13","Description Hypothesis","oesodagusspasme","0.0","76","53.57"
"64","Case-13","EKG Hypothesis","iap","1.0","85","33.62"
"64","Case-15","Description Hypothesis","acs","1.0","100","37.99"
"64","Case-15","EKG Hypothesis","acs","1.0","67","38.03"
"64","Case-16","Description Hypothesis","acs","1.0","90","325.18"
"64","Case-16","EKG Hypothesis","acs","1.0","89","8.57"
"64","Case-17","Description Hypothesis","gastritis","0.0","90","71.27"
"64","Case-17","EKG Hypothesis","acs","0.5","61","24.24"
"65","Case-01","Description Hypothesis","recidief infarct","1.0","50","122.52"
"65","Case-01","EKG Hypothesis","nstemi","1.0","50","52.24"
"65","Case-02","Description Hypothesis","gastro-intestinale klachten","1.0","70","87.20"
"65","Case-02","EKG Hypothesis","gastro intestinaal","1.0","48","95.15"
"65","Case-03","Description Hypothesis","hyperventilatie","1.0","65","84.90"
"65","Case-03","EKG Hypothesis","pericarditis","0.5","55","49.92"
"65","Case-07","Description Hypothesis","pericarditis / pleuritis","1.0","60","65.28"
"65","Case-07","EKG Hypothesis","stemi","0.0","41","79.40"
"65","Case-08","Description Hypothesis","myocardinfarct","1.0","75","83.51"
"65","Case-08","EKG Hypothesis","3 vatslijden of hs stenose","0.5","60","78.06"
"65","Case-09","Description Hypothesis","postinfarct hartfalen/ap","0.5","61","58.35"
"65","Case-09","EKG Hypothesis","doorgemaakt il infarct","0.0","70","87.63"
"65","Case-12","Description Hypothesis","type 2 ischemie bij af met bijkomend conversiepauzes","0.0","58","117.63"
"65","Case-12","EKG Hypothesis","recidief af met conversie","0.5","51","66.61"
"65","Case-13","Description Hypothesis","doorgemaakt infarxt","0.0","57","78.13"
"65","Case-13","EKG Hypothesis","nstemi","1.0","55","29.70"
"65","Case-15","Description Hypothesis","recidief infarct","1.0","63","33.99"
"65","Case-15","EKG Hypothesis","nstemi","1.0","38","33.96"
"65","Case-16","Description Hypothesis","recidief infarct","0.5","48","47.66"
"65","Case-16","EKG Hypothesis","in stent probleem","0.5","54","51.16"
"65","Case-17","Description Hypothesis","hyperventilatie","0.0","53","59.81"
"65","Case-17","EKG Hypothesis","nstemi","0.5","66","49.00"
"65","Case-19","Description Hypothesis","iap","1.0","39","47.97"
"65","Case-19","EKG Hypothesis","slokdarmspasme","0.0","57","26.87"
"66","Case-01","Description Hypothesis","acs","1.0","78","71.30"
"66","Case-01","EKG Hypothesis","acs","1.0","94","27.49"
"66","Case-02","Description Hypothesis","maagklachten","1.0","60","104.28"
"66","Case-02","EKG Hypothesis","maagklachten","1.0","68","36.82"
"66","Case-03","Description Hypothesis","pericarditis","0.5","71","79.73"
"66","Case-03","EKG Hypothesis","pericarditis","0.5","75","22.77"
"66","Case-07","Description Hypothesis","pericarditis","1.0","85","52.99"
"66","Case-07","EKG Hypothesis","pericarditis","1.0","90","30.56"
"66","Case-08","Description Hypothesis","instabiele ap","1.0","72","44.80"
"66","Case-08","EKG Hypothesis","acs","1.0","90","29.93"
"66","Case-09","Description Hypothesis","acs","1.0","70","41.33"
"66","Case-09","EKG Hypothesis","acs","1.0","34","95.31"
"66","Case-12","Description Hypothesis","snel af","0.5","35","227.96"
"66","Case-12","EKG Hypothesis","paroxysme af","0.5","23","65.92"
"66","Case-13","Description Hypothesis","acs","1.0","69","23.28"
"66","Case-13","EKG Hypothesis","acs","1.0","81","25.01"
"66","Case-15","Description Hypothesis","acs","1.0","75","32.53"
"66","Case-15","EKG Hypothesis","acs","1.0","70","28.17"
"66","Case-16","Description Hypothesis","acs","1.0","58","69.63"
"66","Case-16","EKG Hypothesis","acs","1.0","75","55.68"
"66","Case-17","Description Hypothesis","slokdarmspasme","0.0","43","81.01"
"66","Case-17","EKG Hypothesis","acs","0.5","68","31.93"
"66","Case-19","Description Hypothesis","iap","1.0","68","36.09"
"66","Case-19","EKG Hypothesis","iap","1.0","60","23.56"
"67","Case-01","Description Hypothesis","acs","1.0","70","107.35"
"67","Case-01","EKG Hypothesis","acs","1.0","90","32.71"
"67","Case-02","Description Hypothesis","maagklachten","1.0","57","119.56"
"67","Case-02","EKG Hypothesis","maagklachten","1.0","65","11.64"
"67","Case-07","Description Hypothesis","pericarditis","1.0","64","25.92"
"67","Case-07","EKG Hypothesis","pericarditis","1.0","90","13.13"
"67","Case-08","Description Hypothesis","acs","1.0","52","30.68"
"67","Case-08","EKG Hypothesis","acs","1.0","91","15.42"
"67","Case-09","Description Hypothesis","acs","1.0","28","65.92"
"67","Case-09","EKG Hypothesis","acs","1.0","38","105.71"
"67","Case-12","Description Hypothesis","acs","0.0","37","93.41"
"67","Case-12","EKG Hypothesis","costomyalgeen","0.0","34","33.74"
"67","Case-13","Description Hypothesis","costomyalgeen","0.0","51","24.39"
"67","Case-13","EKG Hypothesis","acs","1.0","71","33.30"
"67","Case-15","Description Hypothesis","acs","1.0","80","43.24"
"67","Case-15","EKG Hypothesis","acs","1.0","70","16.96"
"67","Case-16","Description Hypothesis","ap","1.0","53","60.28"
"67","Case-16","EKG Hypothesis","acs","1.0","65","33.14"
"67","Case-17","Description Hypothesis","hyperventilatie","0.0","52","41.07"
"67","Case-17","EKG Hypothesis","acs","0.5","75","20.88"
"67","Case-19","Description Hypothesis","acs","1.0","59","42.85"
"67","Case-19","EKG Hypothesis","acs","1.0","55","17.55"
"68","Case-01","Description Hypothesis","nstemi","1.0","50","48.85"
"68","Case-01","EKG Hypothesis","nstemi","1.0","60","29.38"
"68","Case-02","Description Hypothesis","gastro intestinaal","1.0","52","67.66"
"68","Case-02","EKG Hypothesis","gi","1.0","72","20.99"
"68","Case-03","Description Hypothesis","hyperventilatie","1.0","85","36.02"
"68","Case-03","EKG Hypothesis","hyperventilatie","1.0","79","24.91"
"68","Case-07","Description Hypothesis","pericarditis","1.0","55","23.72"
"68","Case-07","EKG Hypothesis","pericarditis","1.0","88","20.60"
"68","Case-08","Description Hypothesis","myocardinfarct","1.0","71","29.79"
"68","Case-08","EKG Hypothesis","nstemi","1.0","95","33.81"
"68","Case-09","Description Hypothesis","pyrosis","0.0","25","95.00"
"68","Case-09","EKG Hypothesis","pyrosis","0.0","29","63.95"
"68","Case-12","Description Hypothesis","myocardinfarct","0.0","36","87.33"
"68","Case-12","EKG Hypothesis","myocardinfarct","0.0","26","18.94"
"68","Case-13","Description Hypothesis","instabiele angina pectoris","1.0","56","57.46"
"68","Case-13","EKG Hypothesis","iap","1.0","57","15.37"
"68","Case-15","Description Hypothesis","myocardinfarct","1.0","43","84.25"
"68","Case-15","EKG Hypothesis","myocardinfarct","1.0","44","31.47"
"68","Case-16","Description Hypothesis","angina pectoris","1.0","62","48.80"
"68","Case-16","EKG Hypothesis","angina pectoris","1.0","43","28.88"
"68","Case-17","Description Hypothesis","pyrosis","0.0","60","122.25"
"68","Case-17","EKG Hypothesis","pyrosis","0.0","26","19.78"
"68","Case-19","Description Hypothesis","myocardinfarct","1.0","28","58.10"
"68","Case-19","EKG Hypothesis","myocardinfarct","1.0","37","27.78"
"69","Case-01","Description Hypothesis","nstemi","1.0","45","156.80"
"69","Case-01","EKG Hypothesis","nstemi","1.0","75","68.24"
"69","Case-02","Description Hypothesis","maagklachten","1.0","68","64.36"
"69","Case-02","EKG Hypothesis","maagklachten","1.0","70","38.84"
"69","Case-03","Description Hypothesis","hvs/ musculoskeletaal","1.0","78","56.31"
"69","Case-03","EKG Hypothesis","hvs/ musculoskeletaal","1.0","81","60.46"
"69","Case-07","Description Hypothesis","musculoskeletaal","0.0","65","53.77"
"69","Case-07","EKG Hypothesis","pericarditis","1.0","65","61.30"
"69","Case-08","Description Hypothesis","iap","1.0","74","75.33"
"69","Case-08","EKG Hypothesis","nstemi","1.0","75","68.40"
"69","Case-09","Description Hypothesis","ambulant doorgemaakt infarct/ nstemi","0.5","58","86.62"
"69","Case-09","EKG Hypothesis","iap","1.0","64","106.29"
"69","Case-12","Description Hypothesis","symptomatisch af","0.5","66","109.93"
"69","Case-12","EKG Hypothesis","acs","0.0","33","77.19"
"69","Case-13","Description Hypothesis","iap/ nstemi","1.0","54","46.07"
"69","Case-13","EKG Hypothesis","nstemi","1.0","67","50.02"
"69","Case-15","Description Hypothesis","acs","1.0","77","95.00"
"69","Case-15","EKG Hypothesis","acs","1.0","40","86.29"
"70","Case-01","Description Hypothesis","reflux","0.0","38","122.53"
"70","Case-01","EKG Hypothesis","nstemi","1.0","25","89.69"
"70","Case-02","Description Hypothesis","pyrosis","1.0","70","67.04"
"70","Case-02","EKG Hypothesis","reflex","1.0","50","42.20"
"70","Case-03","Description Hypothesis","costomyalgeen","1.0","35","100.51"
"70","Case-03","EKG Hypothesis","costomyalgeen","1.0","33","24.94"
"70","Case-07","Description Hypothesis","costomyalgeen","0.0","34","77.74"
"70","Case-07","EKG Hypothesis","pericarditis","1.0","50","48.25"
"70","Case-08","Description Hypothesis","pericarditis","0.0","89","15.02"
"70","Case-08","EKG Hypothesis","pericarditis","0.0","52","53.53"
"70","Case-09","Description Hypothesis","costomyalgeen","0.0","12","78.54"
"70","Case-09","EKG Hypothesis","infarct","0.5","16","41.03"
"70","Case-12","Description Hypothesis","ritme/geleiding","0.0","10","136.44"
"70","Case-12","EKG Hypothesis","nstemi","0.0","0","28.67"
"70","Case-13","Description Hypothesis","acs","1.0","23","46.97"
"70","Case-13","EKG Hypothesis","acs","1.0","23","30.15"
"70","Case-15","Description Hypothesis","nstemi","1.0","51","53.18"
"70","Case-15","EKG Hypothesis","acs","1.0","35","34.65"
"70","Case-16","Description Hypothesis","acs","1.0","36","66.95"
"70","Case-16","EKG Hypothesis","pericarditis","0.0","13","36.95"
"70","Case-17","Description Hypothesis","stress","0.5","20","48.11"
"70","Case-17","EKG Hypothesis","acs","0.5","72","16.72"
"70","Case-19","Description Hypothesis","acs","1.0","63","38.09"
"70","Case-19","EKG Hypothesis","acs","1.0","35","21.79"
"71","Case-01","Description Hypothesis","reflux dd acs","0.0","71","215.43"
"71","Case-01","EKG Hypothesis","acs","1.0","70","29.54"
"71","Case-02","Description Hypothesis","maagklachten","1.0","97","40.52"
"71","Case-02","EKG Hypothesis","maagklachten","1.0","78","44.90"
"71","Case-03","Description Hypothesis","hyperventilatie","1.0","68","185.94"
"71","Case-03","EKG Hypothesis","hyperventilatie","1.0","65","19.03"
"71","Case-07","Description Hypothesis","pericaridits","1.0","64","41.62"
"71","Case-07","EKG Hypothesis","pericarditis","1.0","66","17.70"
"71","Case-08","Description Hypothesis","acs","1.0","71","34.01"
"71","Case-08","EKG Hypothesis","acs","1.0","90","23.45"
"71","Case-09","Description Hypothesis","acs","1.0","77","29.66"
"71","Case-09","EKG Hypothesis","acs","1.0","91","29.22"
"71","Case-12","Description Hypothesis","svt","0.5","68","90.63"
"71","Case-12","EKG Hypothesis","svt","0.5","88","24.15"
"71","Case-13","Description Hypothesis","acs","1.0","73","55.59"
"71","Case-13","EKG Hypothesis","acs","1.0","87","19.81"
"71","Case-15","Description Hypothesis","acs","1.0","100","32.45"
"71","Case-15","EKG Hypothesis","acs","1.0","71","16.87"
"71","Case-16","Description Hypothesis","acs","1.0","74","77.05"
"71","Case-16","EKG Hypothesis","panischemie","1.0","87","45.95"
"71","Case-17","Description Hypothesis","stress","0.5","84","49.81"
"71","Case-17","EKG Hypothesis","cardiale ischemie","0.5","73","35.62"
"71","Case-19","Description Hypothesis","gastritis","0.0","73","31.71"
"71","Case-19","EKG Hypothesis","gastritis","0.0","90","20.00"
"72","Case-01","Description Hypothesis","nste-acs","1.0","40","25.34"
"72","Case-01","EKG Hypothesis","nste-acs","1.0","40","10.04"
"72","Case-03","Description Hypothesis","costomyalgene pijn","1.0","80","64.07"
"72","Case-03","EKG Hypothesis","geen acs","1.0","80","49.73"
"72","Case-07","Description Hypothesis","pericarditis","1.0","31","59.78"
"72","Case-07","EKG Hypothesis","pericarditis","1.0","80","36.55"
"72","Case-08","Description Hypothesis","angina pectoris","1.0","60","75.92"
"72","Case-08","EKG Hypothesis","nste-acs","1.0","81","60.39"
"72","Case-09","Description Hypothesis","luchtweginfectie","0.0","50","125.82"
"72","Case-09","EKG Hypothesis","luchtweginfectie","0.0","60","89.79"
"72","Case-12","Description Hypothesis","adpecifieke thoracale pijn","1.0","31","143.65"
"72","Case-12","EKG Hypothesis","adpecifieke thoracale pijn","1.0","50","24.95"
"72","Case-13","Description Hypothesis","angina pectoris","0.5","41","47.88"
"72","Case-13","EKG Hypothesis","ancona pectoris","0.5","62","42.28"
"72","Case-15","Description Hypothesis","acs","1.0","69","88.81"
"72","Case-15","EKG Hypothesis","nste-acs","1.0","55","10.96"
"72","Case-16","Description Hypothesis","angina pectoris","1.0","73","67.35"
"72","Case-16","EKG Hypothesis","nste-acs","1.0","57","21.95"
"72","Case-17","Description Hypothesis","aspecifieke thoracale pijn","1.0","52","50.32"
"72","Case-17","EKG Hypothesis","nste-acs","0.5","56","11.42"
"72","Case-19","Description Hypothesis","nste-acs","1.0","34","24.49"
"72","Case-19","EKG Hypothesis","nste-acs","1.0","19","10.49"
"73","Case-01","Description Hypothesis","nste-acs","1.0","43","151.43"
"73","Case-01","EKG Hypothesis","nste-acs","1.0","60","38.10"
"73","Case-02","Description Hypothesis","pyrosis","1.0","59","49.35"
"73","Case-02","EKG Hypothesis","pyrosis/reflux","1.0","70","58.55"
"73","Case-03","Description Hypothesis","hyperventilatie","1.0","62","37.49"
"73","Case-03","EKG Hypothesis","hyperventilatie","1.0","70","48.77"
"73","Case-07","Description Hypothesis","pericarditis","1.0","70","26.10"
"73","Case-07","EKG Hypothesis","pericarditis","1.0","90","29.45"
"73","Case-08","Description Hypothesis","iap","1.0","65","40.35"
"73","Case-08","EKG Hypothesis","nste-acs","1.0","70","54.12"
"73","Case-09","Description Hypothesis","nste-acs","1.0","50","67.36"
"73","Case-09","EKG Hypothesis","stemi","0.0","90","63.07"
"73","Case-12","Description Hypothesis","reflux","0.0","40","123.97"
"73","Case-12","EKG Hypothesis","reflux","0.0","70","39.34"
"73","Case-13","Description Hypothesis","ap","0.5","61","83.30"
"73","Case-13","EKG Hypothesis","ap","0.5","60","43.17"
"73","Case-15","Description Hypothesis","infarct","1.0","61","63.64"
"73","Case-15","EKG Hypothesis","nste-acs","1.0","52","51.45"
"73","Case-16","Description Hypothesis","iap","1.0","50","48.57"
"73","Case-16","EKG Hypothesis","nste-acs panischemie","1.0","80","36.87"
"73","Case-17","Description Hypothesis","stress","0.5","50","57.86"
"73","Case-17","EKG Hypothesis","tako tsubo","0.5","61","25.76"
"73","Case-19","Description Hypothesis","acs","1.0","61","58.84"
"73","Case-19","EKG Hypothesis","nste-acs","1.0","75","25.23"
"75","Case-01","Description Hypothesis","acs-nstemi","1.0","21","119.38"
"75","Case-01","EKG Hypothesis","acs-nsteni","1.0","60","61.45"
"75","Case-02","Description Hypothesis","reflux/ maagklachten","1.0","40","114.33"
"75","Case-02","EKG Hypothesis","reflux/maagklachten","1.0","61","82.80"
"75","Case-03","Description Hypothesis","tendomyalgeen","1.0","81","66.98"
"75","Case-03","EKG Hypothesis","tendomyalgeen","1.0","80","37.89"
"75","Case-07","Description Hypothesis","pericarditis","1.0","61","47.11"
"75","Case-07","EKG Hypothesis","pericarditis","1.0","81","47.87"
"75","Case-08","Description Hypothesis","acs","1.0","100","55.03"
"75","Case-08","EKG Hypothesis","acs-nstemi","1.0","100","43.32"
"75","Case-09","Description Hypothesis","pneumothorax","0.0","30","42.79"
"75","Case-09","EKG Hypothesis","stemi lateraal","0.5","100","51.95"
"75","Case-12","Description Hypothesis","reflux/ maagklachten","0.0","81","60.45"
"75","Case-12","EKG Hypothesis","reflux/maagklachten","0.0","80","16.67"
"75","Case-13","Description Hypothesis","ap","0.5","51","70.85"
"75","Case-13","EKG Hypothesis","ap-klachten","1.0","81","52.33"
"75","Case-15","Description Hypothesis","acs","1.0","80","52.94"
"75","Case-15","EKG Hypothesis","acs-nstemi","1.0","20","36.05"
"75","Case-16","Description Hypothesis","iap","1.0","41","65.74"
"75","Case-16","EKG Hypothesis","acs-nstemi (panischemie","1.0","100","34.22"
"75","Case-17","Description Hypothesis","slokdarmspasme","0.0","61","53.94"
"75","Case-17","EKG Hypothesis","tako-tsubo (cmp)","0.5","61","27.31"
"75","Case-19","Description Hypothesis","acs","1.0","70","34.34"
"75","Case-19","EKG Hypothesis","acs","1.0","70","17.61"
"76","Case-01","Description Hypothesis","nstemi","1.0","64","26.09"
"76","Case-01","EKG Hypothesis","nstemi","1.0","66","25.56"
"76","Case-02","Description Hypothesis","gastro-intestinaal probleem","1.0","91","58.04"
"76","Case-02","EKG Hypothesis","gastro-intestinaal probleem","1.0","94","55.40"
"76","Case-03","Description Hypothesis","hyperventilatie","1.0","97","75.19"
"76","Case-03","EKG Hypothesis","hyperventilatie","1.0","98","17.30"
"76","Case-07","Description Hypothesis","pericarditis","1.0","92","45.82"
"76","Case-07","EKG Hypothesis","pericarditis","1.0","100","25.20"
"76","Case-08","Description Hypothesis","iap","1.0","100","56.79"
"76","Case-08","EKG Hypothesis","nstemi","1.0","100","50.86"
"76","Case-09","Description Hypothesis","nstemi","1.0","90","311.68"
"76","Case-09","EKG Hypothesis","subacuut lateraal infarct","0.5","100","24.51"
"76","Case-15","Description Hypothesis","nstemi","1.0","83","49.28"
"76","Case-15","EKG Hypothesis","nstemi/iap","1.0","100","21.07"
"76","Case-16","Description Hypothesis","angina pectoris","1.0","86","208.94"
"76","Case-16","EKG Hypothesis","nstemi panischemie","1.0","89","23.96"
"76","Case-17","Description Hypothesis","stress","0.5","93","40.45"
"76","Case-17","EKG Hypothesis","takotsubo cmp","0.5","81","58.78"
"76","Case-19","Description Hypothesis","nstemi","1.0","89","28.46"
"76","Case-19","EKG Hypothesis","nstemi","1.0","84","26.33"
"77","Case-01","Description Hypothesis","gastro-intestinaal dd acs","0.0","50","100.14"
"77","Case-01","EKG Hypothesis","oud ecg? dd blijft gelijk","0.0","49","86.43"
"77","Case-02","Description Hypothesis","ge dd acs","0.5","50","61.32"
"77","Case-02","EKG Hypothesis","acs","0.0","80","49.82"
"77","Case-03","Description Hypothesis","le dd acs (scad?)","0.5","49","53.32"
"77","Case-03","EKG Hypothesis","pericarditis dd le","0.5","49","71.21"
"77","Case-07","Description Hypothesis","pericarditis","1.0","69","61.15"
"77","Case-07","EKG Hypothesis","pericarditis","1.0","92","17.30"
"77","Case-08","Description Hypothesis","progressief ap (als laatste episode in rust acs)","1.0","73","81.91"
"77","Case-08","EKG Hypothesis","stemi prox lad/d","1.0","88","50.35"
"77","Case-09","Description Hypothesis","acs","1.0","70","63.61"
"77","Case-09","EKG Hypothesis","doorgemaakt/persisteren acs","1.0","80","57.72"
"77","Case-12","Description Hypothesis","efo patiÃ«nt","0.0","51","124.29"
"77","Case-12","EKG Hypothesis","aspec pob, geen evident acs, geen evidente alternatieve diagnose","1.0","50","64.31"
"77","Case-13","Description Hypothesis","acs","1.0","49","31.94"
"77","Case-13","EKG Hypothesis","acs","1.0","51","57.71"
"77","Case-15","Description Hypothesis","acs","1.0","70","59.28"
"77","Case-15","EKG Hypothesis","acs (iap)","1.0","31","33.36"
"77","Case-16","Description Hypothesis","ap","1.0","49","99.04"
"77","Case-16","EKG Hypothesis","acs","1.0","59","25.22"
"77","Case-17","Description Hypothesis","ge","0.0","45","62.74"
"77","Case-17","EKG Hypothesis","ge","0.0","40","40.23"
"77","Case-19","Description Hypothesis","acs","1.0","72","71.73"
"77","Case-19","EKG Hypothesis","acs","1.0","69","15.76"
"78","Case-01","Description Hypothesis","angina pectoris","1.0","55","116.30"
"78","Case-01","EKG Hypothesis","nstemi oud ecg?","0.5","56","24.54"
"78","Case-02","Description Hypothesis","gastrointestinaal","1.0","73","71.49"
"78","Case-02","EKG Hypothesis","acs","0.0","65","68.46"
"78","Case-03","Description Hypothesis","hyperventilatie","1.0","63","37.92"
"78","Case-03","EKG Hypothesis","hyperventilatie dd toch pericarditis anamnese onvolledig","1.0","57","88.83"
"78","Case-07","Description Hypothesis","pericarditis","1.0","78","55.77"
"78","Case-07","EKG Hypothesis","pericarditis","1.0","83","47.02"
"78","Case-08","Description Hypothesis","acs","1.0","80","41.50"
"78","Case-08","EKG Hypothesis","stemi","0.5","73","50.44"
"78","Case-09","Description Hypothesis","acs","1.0","61","81.42"
"78","Case-09","EKG Hypothesis","acs","1.0","69","55.54"
"78","Case-12","Description Hypothesis","atriumfib","0.5","60","181.10"
"78","Case-12","EKG Hypothesis","non cardiale pijn","1.0","57","64.75"
"78","Case-13","Description Hypothesis","acs","1.0","84","24.05"
"78","Case-13","EKG Hypothesis","acs","1.0","75","53.25"
"78","Case-15","Description Hypothesis","acs","1.0","64","46.14"
"78","Case-15","EKG Hypothesis","iap","1.0","78","47.08"
"78","Case-16","Description Hypothesis","stabiele ap","0.0","59","57.06"
"78","Case-16","EKG Hypothesis","acs","1.0","65","35.33"
"78","Case-17","Description Hypothesis","gastrointestinaal","0.0","64","66.54"
"78","Case-17","EKG Hypothesis","acs","0.5","56","38.85"
"78","Case-19","Description Hypothesis","acs","1.0","69","44.28"
"78","Case-19","EKG Hypothesis","acs","1.0","64","27.91"
"79","Case-01","Description Hypothesis","zuurbranden","0.0","30","127.10"
"79","Case-01","EKG Hypothesis","oud inferolateraal infarct, geen acute ischemie","0.5","49","55.58"
"79","Case-02","Description Hypothesis","zuurbranden","1.0","54","92.71"
"79","Case-02","EKG Hypothesis","pericarditis","1.0","22","54.41"
"79","Case-03","Description Hypothesis","aspecifieke thoracale klachten, costomyalgeen","1.0","65","42.56"
"79","Case-03","EKG Hypothesis","aspecifieke thoracale pijnklachten, dd costomyalgeen","1.0","80","46.13"
"79","Case-07","Description Hypothesis","pericarditis","1.0","98","50.15"
"79","Case-07","EKG Hypothesis","pericarditis","1.0","100","33.38"
"79","Case-08","Description Hypothesis","acuut infarct","1.0","69","38.10"
"79","Case-08","EKG Hypothesis","acuut infarct","1.0","100","35.71"
"79","Case-09","Description Hypothesis","pneumonie","0.0","24","59.24"
"79","Case-09","EKG Hypothesis","iap","1.0","14","77.85"
"79","Case-12","Description Hypothesis","pyrosis","0.0","24","60.85"
"79","Case-12","EKG Hypothesis","pyrosis","0.0","32","37.44"
"79","Case-13","Description Hypothesis","acs","1.0","39","44.52"
"79","Case-13","EKG Hypothesis","longembolie","0.0","0","64.62"
"79","Case-15","Description Hypothesis","infarct","1.0","66","40.47"
"79","Case-15","EKG Hypothesis","nstemi","1.0","15","19.44"
"79","Case-16","Description Hypothesis","ap","1.0","16","33.74"
"79","Case-16","EKG Hypothesis","acs","1.0","67","34.99"
"79","Case-17","Description Hypothesis","stress","0.5","3","62.16"
"79","Case-17","EKG Hypothesis","lvh","0.5","17","32.76"
"79","Case-19","Description Hypothesis","iap","1.0","66","36.11"
"79","Case-19","EKG Hypothesis","iap","1.0","71","22.70"
"80","Case-01","Description Hypothesis","acs","1.0","51","87.93"
"80","Case-01","EKG Hypothesis","acs","1.0","64","28.49"
"80","Case-02","Description Hypothesis","gastro intestinaal","1.0","74","30.30"
"80","Case-02","EKG Hypothesis","gastro intestinaal","1.0","78","37.43"
"80","Case-03","Description Hypothesis","costo myogeen","1.0","73","34.04"
"80","Case-03","EKG Hypothesis","costo myogeen","1.0","77","26.27"
"80","Case-07","Description Hypothesis","costo myogeen","0.0","55","66.67"
"80","Case-07","EKG Hypothesis","pericarditis","1.0","77","22.00"
"80","Case-08","Description Hypothesis","progressieve ap","1.0","61","36.09"
"80","Case-08","EKG Hypothesis","acs","1.0","78","41.94"
"80","Case-09","Description Hypothesis","acs","1.0","49","75.59"
"80","Case-09","EKG Hypothesis","acs","1.0","57","48.78"
"80","Case-12","Description Hypothesis","hypertension","0.0","68","53.72"
"80","Case-12","EKG Hypothesis","hypertensie","0.0","39","27.39"
"80","Case-13","Description Hypothesis","iap","1.0","48","25.19"
"80","Case-13","EKG Hypothesis","iap","1.0","59","24.42"
"80","Case-15","Description Hypothesis","acs","1.0","58","35.57"
"80","Case-15","EKG Hypothesis","acs","1.0","62","21.10"
"80","Case-16","Description Hypothesis","acs","1.0","43","41.15"
"80","Case-16","EKG Hypothesis","acs","1.0","57","19.62"
"80","Case-17","Description Hypothesis","stress","0.5","48","41.16"
"80","Case-17","EKG Hypothesis","stress","0.5","54","25.59"
"80","Case-19","Description Hypothesis","acs","1.0","53","25.09"
"80","Case-19","EKG Hypothesis","nstemi","1.0","51","23.10"
"81","Case-01","Description Hypothesis","acs","1.0","64","169.60"
"81","Case-01","EKG Hypothesis","acs","1.0","48","36.59"
"81","Case-02","Description Hypothesis","gastro-esofagaal","1.0","77","76.24"
"81","Case-02","EKG Hypothesis","gastro esofagaal","1.0","73","39.47"
"81","Case-03","Description Hypothesis","tendomyalgeen","1.0","64","50.16"
"81","Case-03","EKG Hypothesis","tendomyalgeen","1.0","86","15.01"
"81","Case-07","Description Hypothesis","pericarditis","1.0","66","87.23"
"81","Case-07","EKG Hypothesis","pericarditis","1.0","98","21.08"
"81","Case-08","Description Hypothesis","ap","1.0","71","76.63"
"81","Case-08","EKG Hypothesis","ap","1.0","77","29.99"
"81","Case-09","Description Hypothesis","pneumonie","0.0","74","86.56"
"81","Case-09","EKG Hypothesis","pneumonie","0.0","62","60.87"
"81","Case-12","Description Hypothesis","hvs","0.0","79","106.09"
"81","Case-12","EKG Hypothesis","hvs","0.0","90","20.69"
"81","Case-13","Description Hypothesis","tendomyalgeen","0.0","64","91.24"
"81","Case-13","EKG Hypothesis","tendomyalgeen","0.0","66","18.59"
"81","Case-15","Description Hypothesis","iap","1.0","64","69.87"
"81","Case-15","EKG Hypothesis","iap","1.0","59","26.99"
"81","Case-16","Description Hypothesis","ap","1.0","73","35.54"
"81","Case-16","EKG Hypothesis","ap","1.0","68","16.33"
"81","Case-17","Description Hypothesis","oesofagus spasme","0.0","62","86.27"
"81","Case-17","EKG Hypothesis","ap","0.5","18","12.81"
"81","Case-19","Description Hypothesis","iap","1.0","76","30.86"
"81","Case-19","EKG Hypothesis","iap","1.0","79","8.87"
"82","Case-01","Description Hypothesis","reflux","0.0","36","118.08"
"82","Case-01","EKG Hypothesis","nstemi","1.0","49","52.51"
"82","Case-02","Description Hypothesis","reflux","1.0","79","47.21"
"82","Case-02","EKG Hypothesis","reflux","1.0","50","66.00"
"82","Case-03","Description Hypothesis","myalgeen","1.0","63","72.42"
"82","Case-03","EKG Hypothesis","myalgeen","1.0","60","39.30"
"82","Case-07","Description Hypothesis","pericarditis","1.0","83","60.26"
"82","Case-07","EKG Hypothesis","pericarditis","1.0","100","28.56"
"82","Case-08","Description Hypothesis","ap","1.0","89","63.06"
"82","Case-08","EKG Hypothesis","prox lad","1.0","100","67.46"
"82","Case-09","Description Hypothesis","iap","1.0","82","35.35"
"82","Case-09","EKG Hypothesis","lateraal doorgemaakt infarct","0.5","100","62.38"
"82","Case-12","Description Hypothesis","av blok","0.0","62","71.83"
"82","Case-12","EKG Hypothesis","av blok","0.0","66","41.83"
"82","Case-13","Description Hypothesis","ap","0.5","64","38.08"
"82","Case-13","EKG Hypothesis","svt","0.0","51","90.96"
"82","Case-15","Description Hypothesis","iap","1.0","61","69.34"
"82","Case-15","EKG Hypothesis","iap","1.0","50","21.57"
"82","Case-16","Description Hypothesis","ap","1.0","44","42.97"
"82","Case-16","EKG Hypothesis","ap","1.0","42","13.24"
"82","Case-17","Description Hypothesis","le","0.0","33","44.13"
"82","Case-17","EKG Hypothesis","iap","0.0","66","28.03"
"82","Case-19","Description Hypothesis","iap","1.0","68","28.51"
"82","Case-19","EKG Hypothesis","ip infarct doorgemaakt","0.5","62","43.52"
"83","Case-01","Description Hypothesis","acs","1.0","91","89.84"
"83","Case-01","EKG Hypothesis","acs","1.0","92","40.72"
"83","Case-02","Description Hypothesis","acs","0.0","80","50.07"
"83","Case-02","EKG Hypothesis","inferior cx infarct","0.0","71","30.71"
"83","Case-03","Description Hypothesis","costomyalgeen","1.0","90","46.80"
"83","Case-03","EKG Hypothesis","costomyalgeen","1.0","100","34.72"
"83","Case-07","Description Hypothesis","pericarditis","1.0","74","28.00"
"83","Case-07","EKG Hypothesis","pericarditis","1.0","95","24.66"
"83","Case-08","Description Hypothesis","acs","1.0","83","31.94"
"83","Case-08","EKG Hypothesis","acs","1.0","89","51.82"
"83","Case-09","Description Hypothesis","acs","1.0","81","50.49"
"83","Case-09","EKG Hypothesis","subacuut inferolateraal infarct","0.5","100","56.18"
"83","Case-12","Description Hypothesis","acs","0.0","60","88.35"
"83","Case-12","EKG Hypothesis","acs","0.0","50","44.11"
"83","Case-13","Description Hypothesis","acs","1.0","70","32.58"
"83","Case-13","EKG Hypothesis","acs","1.0","90","38.66"
"83","Case-15","Description Hypothesis","acs","1.0","91","26.57"
"83","Case-15","EKG Hypothesis","acs","1.0","88","19.02"
"83","Case-16","Description Hypothesis","acs","1.0","90","27.78"
"83","Case-16","EKG Hypothesis","ip ischaemie","1.0","100","50.68"
"83","Case-17","Description Hypothesis","acs","0.5","90","41.02"
"83","Case-17","EKG Hypothesis","acs","0.5","91","29.96"
"83","Case-19","Description Hypothesis","acs","1.0","70","31.08"
"83","Case-19","EKG Hypothesis","acs","1.0","71","16.98"
"84","Case-01","Description Hypothesis","acs","1.0","28","99.59"
"84","Case-01","EKG Hypothesis","acs","1.0","55","53.17"
"84","Case-02","Description Hypothesis","castro oesofageaal","1.0","62","76.09"
"84","Case-02","EKG Hypothesis","castro oesofageaal","1.0","74","30.70"
"84","Case-03","Description Hypothesis","tendomyogen","1.0","63","42.09"
"84","Case-03","EKG Hypothesis","tendomyogeen","1.0","67","23.32"
"84","Case-07","Description Hypothesis","pericarditis","1.0","52","53.52"
"84","Case-07","EKG Hypothesis","pericarditis","1.0","69","15.63"
"84","Case-08","Description Hypothesis","instabiele ap/acs","1.0","60","78.04"
"84","Case-08","EKG Hypothesis","acs","1.0","78","49.87"
"84","Case-09","Description Hypothesis","pneumonie","0.0","61","77.97"
"84","Case-09","EKG Hypothesis","pneumonie","0.0","67","58.27"
"84","Case-12","Description Hypothesis","hyperventilatie","0.0","60","145.65"
"84","Case-12","EKG Hypothesis","hyperventilatie","0.0","67","26.49"
"84","Case-13","Description Hypothesis","acs","1.0","80","26.90"
"84","Case-13","EKG Hypothesis","acs","1.0","76","17.13"
"84","Case-15","Description Hypothesis","acs","1.0","74","30.13"
"84","Case-15","EKG Hypothesis","acs","1.0","69","12.69"
"84","Case-16","Description Hypothesis","angina pectoris","1.0","64","77.68"
"84","Case-16","EKG Hypothesis","acs","1.0","68","24.06"
"84","Case-17","Description Hypothesis","niet cardiaal","1.0","67","131.17"
"84","Case-17","EKG Hypothesis","ap","0.5","34","24.48"
"84","Case-19","Description Hypothesis","acs","1.0","63","26.24"
"84","Case-19","EKG Hypothesis","acs","1.0","56","13.76"
"85","Case-01","Description Hypothesis","acs","1.0","80","150.95"
"85","Case-01","EKG Hypothesis","nstemi","1.0","70","66.84"
"85","Case-02","Description Hypothesis","gastro intestinaal","1.0","95","72.68"
"85","Case-02","EKG Hypothesis","pericarditis","1.0","70","49.57"
"85","Case-03","Description Hypothesis","atypische thoracale pijnklachten","1.0","85","58.43"
"85","Case-03","EKG Hypothesis","vroege repolarisatie","1.0","85","29.07"
"85","Case-07","Description Hypothesis","pericarditis","1.0","91","30.79"
"85","Case-07","EKG Hypothesis","pericarditis","1.0","95","31.82"
"85","Case-08","Description Hypothesis","iap","1.0","80","53.28"
"85","Case-08","EKG Hypothesis","anterior infarct","1.0","95","108.69"
"85","Case-09","Description Hypothesis","pneumonie","0.0","70","103.16"
"85","Case-09","EKG Hypothesis","pneumonie","0.0","85","92.73"
"85","Case-12","Description Hypothesis","snel af","0.5","90","66.24"
"85","Case-12","EKG Hypothesis","snel af met conversie pauze","0.5","80","35.53"
"85","Case-13","Description Hypothesis","atypische thoracale pijnklachten","0.0","70","49.62"
"85","Case-13","EKG Hypothesis","sinusbradycardie met linker atriumfilatatie","0.5","70","89.38"
"85","Case-15","Description Hypothesis","iap/acs","1.0","80","56.26"
"85","Case-15","EKG Hypothesis","iap","1.0","75","31.45"
"85","Case-16","Description Hypothesis","ap","1.0","70","54.37"
"85","Case-16","EKG Hypothesis","nstemi","1.0","80","77.77"
"85","Case-17","Description Hypothesis","reflux","0.0","70","132.15"
"85","Case-17","EKG Hypothesis","lvh met strain en mogelijk subendocardiale ischemie","0.5","75","45.61"
"85","Case-19","Description Hypothesis","acs","1.0","72","21.14"
"85","Case-19","EKG Hypothesis","nstemi","1.0","72","18.61"
"86","Case-01","EKG Hypothesis","acs","1.0","70","45.66"
"86","Case-01","Description Hypothesis","acs","1.0","70","126.70"
"86","Case-02","EKG Hypothesis","pericarditis","1.0","75","29.42"
"86","Case-02","Description Hypothesis","maagklachten","1.0","60","80.00"
"86","Case-03","EKG Hypothesis","normal","1.0","89","26.61"
"86","Case-03","Description Hypothesis","aspecifieke pijn, dd hvs","1.0","100","39.66"
"86","Case-07","EKG Hypothesis","pericarditis","1.0","77","24.48"
"86","Case-07","Description Hypothesis","pericarditis","1.0","80","55.28"
"86","Case-08","EKG Hypothesis","lvh strain.","0.0","81","29.71"
"86","Case-08","Description Hypothesis","angina pectoris","1.0","75","43.61"
"86","Case-09","EKG Hypothesis","doorgemaakt infarct.","0.5","19","89.99"
"86","Case-09","Description Hypothesis","doorgemaakt infarct","0.0","90","33.17"
"86","Case-12","EKG Hypothesis","normal ecg","1.0","100","30.32"
"86","Case-12","Description Hypothesis","paf","0.0","51","64.10"
"86","Case-13","EKG Hypothesis","prolonged qt, nonspecific st abnormalities","0.5","71","60.70"
"86","Case-13","Description Hypothesis","acs","1.0","67","26.11"
"86","Case-15","EKG Hypothesis","normal","0.0","100","35.04"
"86","Case-15","Description Hypothesis","acs","1.0","86","44.32"
"86","Case-16","EKG Hypothesis","sinus tachycardia, nonspecific st changes","0.5","70","58.74"
"86","Case-16","Description Hypothesis","iap","1.0","86","31.34"
"86","Case-17","EKG Hypothesis","strain, short pr without pre-excitation","0.5","78","79.69"
"86","Case-17","Description Hypothesis","angina pectoris","0.5","47","41.72"
"86","Case-19","EKG Hypothesis","hypertension","0.0","47","53.03"
"86","Case-19","Description Hypothesis","iap","1.0","46","41.64"
"88","Case-01","EKG Hypothesis","stabiele angina pectoris","0.5","70","67.42"
"88","Case-01","Description Hypothesis","stabiele angina pectoris","0.5","71","204.06"
"88","Case-02","EKG Hypothesis","pericarditis","1.0","60","95.85"
"88","Case-02","Description Hypothesis","galstenen","0.5","70","68.65"
"88","Case-03","EKG Hypothesis","pericarditis","0.5","50","100.66"
"88","Case-03","Description Hypothesis","tendomyogene klachten","1.0","60","70.13"
"88","Case-07","EKG Hypothesis","pericarditis","1.0","60","38.87"
"88","Case-07","Description Hypothesis","pericarditis","1.0","100","31.50"
"88","Case-08","EKG Hypothesis","stemi posterior","0.0","80","44.90"
"88","Case-08","Description Hypothesis","acuut myocard infarct","1.0","100","34.01"
"88","Case-09","EKG Hypothesis","longembolie","0.5","70","78.41"
"88","Case-09","Description Hypothesis","longembolie","0.5","80","39.11"
"88","Case-12","EKG Hypothesis","niet cardinals diagnose","1.0","51","44.20"
"88","Case-12","Description Hypothesis","paf","0.0","80","95.45"
"88","Case-13","EKG Hypothesis","mitralisinsufficientie","0.0","60","40.78"
"88","Case-13","Description Hypothesis","nstemi","1.0","70","64.58"
"88","Case-15","EKG Hypothesis","normaal ecg","1.0","80","28.68"
"88","Case-15","Description Hypothesis","instabiele ap","1.0","100","49.89"
"88","Case-16","EKG Hypothesis","type 2 ischemie","0.5","80","32.87"
"88","Case-16","Description Hypothesis","hoofdstad stenose","1.0","81","29.47"
"88","Case-17","EKG Hypothesis","lvh","0.5","70","31.42"
"88","Case-17","Description Hypothesis","tako tsubo","0.5","100","50.76"
"88","Case-19","EKG Hypothesis","nstemi","1.0","75","90.34"
"88","Case-19","Description Hypothesis","nstemi","1.0","74","56.05"
"90","Case-01","EKG Hypothesis","inferolaterale ischemie","0.5","55","50.52"
"90","Case-01","Description Hypothesis","acs","1.0","64","167.63"
"90","Case-02","EKG Hypothesis","acs","0.0","58","40.28"
"90","Case-02","Description Hypothesis","gastro intestinaal","1.0","76","135.63"
"90","Case-03","EKG Hypothesis","ischemie","0.0","70","87.60"
"90","Case-03","Description Hypothesis","niet cardiaal","1.0","81","51.23"
"90","Case-07","EKG Hypothesis","pericarditis","1.0","57","97.70"
"90","Case-07","Description Hypothesis","pericarditis","1.0","91","47.02"
"90","Case-08","EKG Hypothesis","acs","1.0","86","62.71"
"90","Case-08","Description Hypothesis","acs","1.0","92","48.27"
"90","Case-09","EKG Hypothesis","longembolie","0.5","80","108.90"
"90","Case-09","Description Hypothesis","longembolie","0.5","95","37.54"
"90","Case-12","EKG Hypothesis","niet cardiaal","1.0","72","33.35"
"90","Case-12","Description Hypothesis","stress gerelateerde klachten","0.0","77","51.21"
"90","Case-13","EKG Hypothesis","panischemie","0.5","60","104.78"
"90","Case-13","Description Hypothesis","panischemie","0.5","63","57.99"
"90","Case-15","EKG Hypothesis","acs","1.0","59","38.99"
"90","Case-15","Description Hypothesis","nstemi","1.0","74","109.87"
"90","Case-16","EKG Hypothesis","acs","1.0","63","20.03"
"90","Case-16","Description Hypothesis","acs","1.0","88","28.22"
"90","Case-17","EKG Hypothesis","panischemie","0.0","59","24.11"
"90","Case-17","Description Hypothesis","panischemie","0.0","76","26.01"
"90","Case-19","EKG Hypothesis","niet cardiaal","0.0","51","35.21"
"90","Case-19","Description Hypothesis","nstemi","1.0","63","49.11"
"91","Case-01","EKG Hypothesis","acs","1.0","50","49.75"
"91","Case-01","Description Hypothesis","acs","1.0","48","79.93"
"91","Case-02","EKG Hypothesis","acs","0.0","61","57.53"
"91","Case-02","Description Hypothesis","gerd","1.0","59","100.78"
"91","Case-03","EKG Hypothesis","acs","0.0","48","58.55"
"91","Case-03","Description Hypothesis","functional","1.0","47","93.20"
"91","Case-07","EKG Hypothesis","acs","0.0","86","18.21"
"91","Case-07","Description Hypothesis","pericarditis","1.0","82","70.76"
"91","Case-08","EKG Hypothesis","acs","1.0","42","51.02"
"91","Case-08","Description Hypothesis","acs","1.0","62","37.26"
"91","Case-09","EKG Hypothesis","le","0.0","63","32.57"
"91","Case-09","Description Hypothesis","le","0.0","51","22.65"
"91","Case-12","EKG Hypothesis","acs","0.0","42","21.91"
"91","Case-12","Description Hypothesis","functional","1.0","52","59.48"
"91","Case-13","EKG Hypothesis","la dilation","0.5","53","99.44"
"91","Case-13","Description Hypothesis","acs","1.0","61","33.22"
"91","Case-15","EKG Hypothesis","acs","1.0","49","16.12"
"91","Case-15","Description Hypothesis","acs","1.0","53","59.06"
"91","Case-16","EKG Hypothesis","acs ,","1.0","54","31.70"
"91","Case-16","Description Hypothesis","acs","1.0","65","56.73"
"91","Case-17","EKG Hypothesis","acs","0.5","53","23.36"
"91","Case-17","Description Hypothesis","functional","1.0","29","41.89"
"91","Case-19","EKG Hypothesis","copd","0.0","31","73.27"
"91","Case-19","Description Hypothesis","acs","1.0","66","65.37"
"92","Case-01","EKG Hypothesis","nstemi","1.0","63","82.79"
"92","Case-01","Description Hypothesis","nstemi","1.0","62","207.53"
"92","Case-02","EKG Hypothesis","pericarditis","1.0","36","39.63"
"92","Case-02","Description Hypothesis","dyspepsie","1.0","41","80.36"
"92","Case-03","EKG Hypothesis","pericarditis","0.5","37","78.36"
"92","Case-03","Description Hypothesis","hvs","1.0","35","44.95"
"92","Case-07","EKG Hypothesis","acs","0.0","23","108.83"
"92","Case-07","Description Hypothesis","pericarditis","1.0","66","43.30"
"92","Case-08","EKG Hypothesis","nstemi","1.0","41","25.01"
"92","Case-08","Description Hypothesis","nstemi","1.0","77","28.79"
"92","Case-09","EKG Hypothesis","acs","1.0","53","37.92"
"92","Case-09","Description Hypothesis","acs","1.0","66","38.93"
"92","Case-12","EKG Hypothesis","functioneel","1.0","58","49.85"
"92","Case-12","Description Hypothesis","functioneel","1.0","33","90.95"
"92","Case-13","EKG Hypothesis","acs","1.0","34","50.18"
"92","Case-13","Description Hypothesis","acs","1.0","36","70.52"
"92","Case-15","EKG Hypothesis","functioneel","0.0","26","33.29"
"92","Case-15","Description Hypothesis","acs","1.0","62","73.63"
"92","Case-16","EKG Hypothesis","3-vatslijden","1.0","35","70.26"
"92","Case-16","Description Hypothesis","3-vatslijden","1.0","79","70.74"
"92","Case-17","EKG Hypothesis","strain","0.5","58","44.32"
"92","Case-17","Description Hypothesis","functioneel","1.0","54","50.76"
"92","Case-19","EKG Hypothesis","acs","1.0","35","29.48"
"92","Case-19","Description Hypothesis","acs","1.0","56","42.29"
"93","Case-01","EKG Hypothesis","nstemi","1.0","66","137.13"
"93","Case-01","Description Hypothesis","nstemi","1.0","69","40.37"
"93","Case-02","EKG Hypothesis","ge reflux","1.0","80","55.59"
"93","Case-02","Description Hypothesis","ge reflux","1.0","79","103.26"
"93","Case-03","EKG Hypothesis","lvh","0.0","70","55.95"
"93","Case-03","Description Hypothesis","hyperventilatie","1.0","86","131.05"
"93","Case-07","EKG Hypothesis","pericarditis","1.0","66","133.08"
"93","Case-07","Description Hypothesis","pericarditis","1.0","68","60.69"
"93","Case-08","EKG Hypothesis","infarct","1.0","70","85.66"
"93","Case-08","Description Hypothesis","iap","1.0","74","69.91"
"93","Case-09","EKG Hypothesis","longembolie","0.5","24","146.00"
"93","Case-09","Description Hypothesis","longembolie","0.5","31","135.64"
"93","Case-12","EKG Hypothesis","atypisch","1.0","46","64.66"
"93","Case-12","Description Hypothesis","atypisch","1.0","76","125.44"
"93","Case-13","EKG Hypothesis","la dilatatie","0.5","48","57.14"
"93","Case-13","Description Hypothesis","nstemi","1.0","36","52.69"
"93","Case-15","EKG Hypothesis","normaal","0.0","49","26.99"
"93","Case-15","Description Hypothesis","iap","1.0","59","64.63"
"93","Case-16","EKG Hypothesis","nstemi","1.0","73","33.51"
"93","Case-16","Description Hypothesis","acs","1.0","86","50.42"
"93","Case-17","EKG Hypothesis","ischemie","0.5","68","26.05"
"93","Case-17","Description Hypothesis","ap","0.5","59","15.68"
"94","Case-01","EKG Hypothesis","history of myocardial infarction","1.0","30","137.66"
"94","Case-01","Description Hypothesis","acs","1.0","49","45.25"
"94","Case-02","EKG Hypothesis","early repolarization inferior","1.0","50","108.65"
"94","Case-02","Description Hypothesis","pyrosis","1.0","70","52.57"
"94","Case-03","EKG Hypothesis","pericarditis","0.5","39","79.89"
"94","Case-03","Description Hypothesis","costomyalgeen","1.0","60","108.89"
"94","Case-07","EKG Hypothesis","pericarditis","1.0","80","32.79"
"94","Case-07","Description Hypothesis","pericarditis","1.0","80","33.20"
"94","Case-08","EKG Hypothesis","acs","1.0","60","61.79"
"94","Case-08","Description Hypothesis","acs","1.0","80","31.46"
"94","Case-09","EKG Hypothesis","longembolie","0.5","76","70.70"
"94","Case-09","Description Hypothesis","acs","1.0","51","117.61"
"94","Case-12","EKG Hypothesis","normal ecg, hangt af van anamnese","1.0","100","66.19"
"94","Case-12","Description Hypothesis","nstemi","0.0","32","48.59"
"94","Case-13","EKG Hypothesis","nstemi","1.0","30","70.85"
"94","Case-13","Description Hypothesis","nstemi","1.0","75","27.66"
"94","Case-15","EKG Hypothesis","early repolarization","0.5","73","33.92"
"94","Case-15","Description Hypothesis","acs","1.0","61","36.70"
"94","Case-16","EKG Hypothesis","acs","1.0","37","53.71"
"94","Case-16","Description Hypothesis","acs","1.0","70","22.99"
"94","Case-17","EKG Hypothesis","acs","0.5","58","20.21"
"94","Case-17","Description Hypothesis","acs","0.5","89","19.76"
"94","Case-19","EKG Hypothesis","wpw?","0.0","16","78.13"
"94","Case-19","Description Hypothesis","nstemi","1.0","48","26.10"
"95","Case-01","EKG Hypothesis","doorgemaakt inferolateraal infarct","0.5","85","60.54"
"95","Case-01","Description Hypothesis","pyrosis/gerd, in het verleden doorgemaakt ipl infarct","0.0","90","240.70"
"95","Case-02","EKG Hypothesis","pericarditis","1.0","95","28.95"
"95","Case-02","Description Hypothesis","pericarditis","1.0","80","105.89"
"95","Case-03","EKG Hypothesis","pericarditis","0.5","70","101.86"
"95","Case-03","Description Hypothesis","costomyogene klachten met op ecg vroege repolarisatie","1.0","70","87.34"
"95","Case-07","EKG Hypothesis","pericarditis","1.0","90","41.99"
"95","Case-07","Description Hypothesis","pericarditis","1.0","100","14.76"
"95","Case-08","EKG Hypothesis","de winters t toppen","1.0","70","91.59"
"95","Case-08","Description Hypothesis","voorwandinfarct","1.0","80","64.03"
"95","Case-09","EKG Hypothesis","longembolie","0.5","69","86.03"
"95","Case-09","Description Hypothesis","longembolie","0.5","60","146.98"
"95","Case-12","EKG Hypothesis","normaal ecg","1.0","79","41.26"
"95","Case-12","Description Hypothesis","atypische thoracale pijn","1.0","80","53.08"
"95","Case-13","EKG Hypothesis","la dilatatie, vlakke repolarisatie, mogelijk nstemi","0.5","65","88.22"
"95","Case-13","Description Hypothesis","nstemi","1.0","81","15.82"
"95","Case-15","EKG Hypothesis","vroege repolarisatie","0.5","76","40.98"
"95","Case-15","Description Hypothesis","nste-acs","1.0","75","34.39"
"95","Case-16","EKG Hypothesis","nste-acs","1.0","86","43.99"
"95","Case-16","Description Hypothesis","nste-acs","1.0","89","21.11"
"95","Case-17","EKG Hypothesis","nste-acs","0.5","89","21.98"
"95","Case-17","Description Hypothesis","takotsubo","0.5","54","26.12"
"95","Case-19","EKG Hypothesis","preexcitatie","0.0","81","51.97"
"95","Case-19","Description Hypothesis","nste-acs","1.0","82","58.68"
"96","Case-01","EKG Hypothesis","pyrosis","0.0","68","114.38"
"96","Case-01","Description Hypothesis","doorgemaakt inferior infarct","0.5","60","141.08"
"96","Case-02","EKG Hypothesis","pericarditis","1.0","50","98.11"
"96","Case-02","Description Hypothesis","gastritis/reflux/ ulcer","1.0","84","96.19"
"96","Case-03","EKG Hypothesis","pericarditis","0.5","40","65.59"
"96","Case-03","Description Hypothesis","aspecifiek","1.0","30","82.11"
"96","Case-07","EKG Hypothesis","stemi","0.0","48","105.60"
"96","Case-07","Description Hypothesis","stemi","0.0","35","35.77"
"96","Case-08","EKG Hypothesis","proximale lad occlusie","1.0","22","72.17"
"96","Case-08","Description Hypothesis","stemi","0.5","43","43.67"
"96","Case-09","EKG Hypothesis","lateraal infarct","0.5","37","69.61"
"96","Case-09","Description Hypothesis","lateraal infarct","0.5","32","30.29"
"96","Case-12","EKG Hypothesis","normaal","1.0","45","66.29"
"96","Case-12","Description Hypothesis","atypische thoracale pijn","1.0","53","109.73"
"96","Case-13","EKG Hypothesis","nstemi","1.0","49","63.61"
"96","Case-13","Description Hypothesis","nstemi","1.0","52","33.04"
"96","Case-15","EKG Hypothesis","niet cardiaal","0.0","49","6.87"
"96","Case-15","Description Hypothesis","nstemi/iap","1.0","39","149.07"
"96","Case-16","EKG Hypothesis","demand ischemie","0.5","42","65.78"
"96","Case-16","Description Hypothesis","ap","1.0","41","114.56"
"96","Case-17","EKG Hypothesis","strain","0.5","53","66.57"
"96","Case-17","Description Hypothesis","dhje","0.0","42","40.22"
"97","Case-01","EKG Hypothesis","nstemi","1.0","22","61.31"
"97","Case-01","Description Hypothesis","nstemi","1.0","69","62.91"
"97","Case-02","EKG Hypothesis","vroege repolarisatie/pericarditis","0.5","22","61.16"
"97","Case-02","Description Hypothesis","pyrosis","1.0","83","64.19"
"97","Case-03","EKG Hypothesis","vroege repolarisatie","1.0","26","79.23"
"97","Case-03","Description Hypothesis","costomyalgeen","1.0","92","31.14"
"97","Case-07","EKG Hypothesis","pericarditis of negroÃ¯de patiÃ«nt","1.0","23","86.20"
"97","Case-07","Description Hypothesis","pericarditis","1.0","83","34.29"
"97","Case-08","EKG Hypothesis","drievatslijden nstemi","0.5","54","118.40"
"97","Case-08","Description Hypothesis","nstemi drievatijden","0.5","90","23.90"
"97","Case-09","EKG Hypothesis","lateraal infarct","0.5","48","91.11"
"97","Case-09","Description Hypothesis","doorgemaakt lateraal infarct","0.0","90","48.66"
"97","Case-12","EKG Hypothesis","geen acs, misschien lvh","0.0","61","37.83"
"97","Case-12","Description Hypothesis","hypertensie, geen acs","0.0","78","62.19"
"97","Case-13","EKG Hypothesis","nstemi","1.0","38","70.33"
"97","Case-13","Description Hypothesis","ap","0.5","86","62.32"
"97","Case-15","EKG Hypothesis","normaal ecg","1.0","93","50.00"
"97","Case-15","Description Hypothesis","iap","1.0","36","102.46"
"97","Case-16","EKG Hypothesis","drievatslijden","1.0","69","47.11"
"97","Case-16","Description Hypothesis","drievatslijden","1.0","92","32.65"
"97","Case-17","EKG Hypothesis","drievatslijden","0.0","53","42.15"
"97","Case-17","Description Hypothesis","myalgeen/stress","0.0","57","71.29"
"97","Case-19","EKG Hypothesis","mogelijk doorgemaakt inferior ischemie","0.5","26","70.05"
"97","Case-19","Description Hypothesis","iap/nstemi","1.0","84","39.69"
"98","Case-01","EKG Hypothesis","nstemi","1.0","52","191.34"
"98","Case-01","Description Hypothesis","nstemi","1.0","73","92.98"
"98","Case-03","EKG Hypothesis","pericarditis","0.5","44","31.93"
"98","Case-03","Description Hypothesis","pericarditis","0.5","60","44.45"
"98","Case-07","EKG Hypothesis","pericarditis","1.0","40","125.77"
"98","Case-07","Description Hypothesis","pericarditis","1.0","82","53.21"
"98","Case-08","EKG Hypothesis","nstemi","1.0","30","65.68"
"98","Case-08","Description Hypothesis","acs","1.0","84","39.55"
"98","Case-09","EKG Hypothesis","lateraal infarct","0.5","25","96.84"
"98","Case-09","Description Hypothesis","lateraal infarct","0.5","83","34.85"
"98","Case-12","EKG Hypothesis","niet cardiale klachten","1.0","29","30.03"
"98","Case-12","Description Hypothesis","iap/nstemi","0.0","35","95.69"
"98","Case-13","EKG Hypothesis","acs","1.0","16","139.30"
"98","Case-13","Description Hypothesis","acs","1.0","80","50.75"
"98","Case-15","EKG Hypothesis","niet cardiale klachten","0.0","20","73.51"
"98","Case-15","Description Hypothesis","nstemi","1.0","69","48.80"
"98","Case-16","EKG Hypothesis","niet cardiaal","0.0","16","58.68"
"98","Case-16","Description Hypothesis","niet cardiale klachten","0.0","63","54.02"
"98","Case-17","EKG Hypothesis","acs","0.5","24","41.05"
"98","Case-17","Description Hypothesis","slokdarm spasme","0.0","17","58.16"
"98","Case-19","EKG Hypothesis","longembolie","0.0","25","31.75"
"98","Case-19","Description Hypothesis","acs","1.0","62","42.94"
"99","Case-01","EKG Hypothesis","nstemi met inferolateraal neg t's","1.0","80","104.80"
"99","Case-01","Description Hypothesis","nstemi","1.0","85","82.63"
"99","Case-02","EKG Hypothesis","pericarditis","1.0","90","78.65"
"99","Case-02","Description Hypothesis","reflux/gastritis","1.0","75","79.18"
"99","Case-03","EKG Hypothesis","ber (vroege repolarisatiestoornis)","1.0","85","64.91"
"99","Case-03","Description Hypothesis","ber (vroege repolarisatiestoornis)op ecg, aspecifieke thoracale klachten","1.0","100","64.80"
"99","Case-07","EKG Hypothesis","stemi","0.0","60","226.96"
"99","Case-07","Description Hypothesis","pericarditis","1.0","70","49.00"
"99","Case-08","EKG Hypothesis","acs","1.0","75","62.25"
"99","Case-08","Description Hypothesis","acs","1.0","80","75.69"
"99","Case-09","EKG Hypothesis","stemi lateraal","0.5","100","64.34"
"99","Case-09","Description Hypothesis","stemi","0.0","70","56.84"
"99","Case-12","EKG Hypothesis","normaal ecg","1.0","94","55.41"
"99","Case-12","Description Hypothesis","paf","0.0","60","122.25"
"99","Case-13","EKG Hypothesis","la dilatatie en neg t's lateraal","0.5","80","69.98"
"99","Case-13","Description Hypothesis","nstemi","1.0","75","30.63"
"99","Case-15","EKG Hypothesis","normaal ecg","1.0","95","119.47"
"99","Case-15","Description Hypothesis","nstemi","1.0","95","30.68"
"99","Case-16","EKG Hypothesis","3 vd of hs stenose","1.0","85","47.40"
"99","Case-16","Description Hypothesis","acs","1.0","90","26.32"
"99","Case-17","EKG Hypothesis","lvh","0.5","60","29.14"
"99","Case-17","Description Hypothesis","spanning","0.5","80","31.52"
"99","Case-19","EKG Hypothesis","normaal ecg","0.0","71","23.96"
"99","Case-19","Description Hypothesis","nstemi","1.0","69","34.46"
"100","Case-01","EKG Hypothesis","doorgemaakt onderwand infarct","0.5","60","66.39"
"100","Case-01","Description Hypothesis","mogelijk nstemi","1.0","53","149.43"
"100","Case-02","EKG Hypothesis","geen cardiale acute pathologie","0.5","55","60.22"
"100","Case-02","Description Hypothesis","reflux","1.0","90","127.28"
"100","Case-03","EKG Hypothesis","geen stemi","1.0","62","80.43"
"100","Case-03","Description Hypothesis","atypische thor klachten","1.0","86","90.99"
"100","Case-07","EKG Hypothesis","pericarditis","1.0","63","40.22"
"100","Case-07","Description Hypothesis","pericarditis","1.0","100","48.03"
"100","Case-08","EKG Hypothesis","atypisch","0.0","23","87.55"
"100","Case-08","Description Hypothesis","iap","1.0","74","76.73"
"100","Case-09","EKG Hypothesis","geen acute pathologie","0.0","39","62.69"
"100","Case-09","Description Hypothesis","nstemi","1.0","52","114.75"
"100","Case-12","EKG Hypothesis","niet cardiaal","1.0","59","34.09"
"100","Case-12","Description Hypothesis","niet cardiaal","1.0","80","74.50"
"100","Case-13","EKG Hypothesis","la vergroting en neg t inf/lat","0.5","56","78.20"
"100","Case-13","Description Hypothesis","mogelijk ap/iap","0.5","40","109.49"
"100","Case-15","EKG Hypothesis","niet cardiaal","0.0","42","21.02"
"100","Case-15","Description Hypothesis","nstemi","1.0","52","85.84"
"100","Case-16","EKG Hypothesis","st depressie v2-v4","1.0","57","97.48"
"100","Case-16","Description Hypothesis","ap","1.0","58","66.20"
"101","Case-01","EKG Hypothesis","doorgemaakt infarct","1.0","71","76.63"
"101","Case-01","Description Hypothesis","doorgemaakt infero posterior infarct","0.5","83","60.10"
"101","Case-02","EKG Hypothesis","inferior stemi","0.0","86","61.79"
"101","Case-02","Description Hypothesis","reflux","1.0","83","78.54"
"101","Case-03","EKG Hypothesis","stemi onderwand","0.0","46","102.62"
"101","Case-03","Description Hypothesis","niet cardiale klachten","1.0","78","62.04"
"101","Case-07","EKG Hypothesis","pericarditis","1.0","80","30.23"
"101","Case-07","Description Hypothesis","pericarditis","1.0","82","44.06"
"101","Case-08","EKG Hypothesis","nstemi","1.0","65","96.72"
"101","Case-08","Description Hypothesis","nstemi","1.0","70","48.17"
"101","Case-09","EKG Hypothesis","stemi lateraal","0.5","83","80.94"
"101","Case-09","Description Hypothesis","stemi lateraal","0.5","84","55.20"
"101","Case-12","EKG Hypothesis","normaal ecg","1.0","61","66.26"
"101","Case-12","Description Hypothesis","brady tachy","0.0","65","86.44"
"101","Case-13","EKG Hypothesis","nstemi","1.0","73","121.98"
"101","Case-13","Description Hypothesis","niet cardiaal","0.0","74","70.65"
"101","Case-15","EKG Hypothesis","pericarditis","0.0","59","46.23"
"101","Case-15","Description Hypothesis","nstemi","1.0","66","46.70"
"101","Case-16","EKG Hypothesis","rv infarct","0.0","58","56.35"
"101","Case-16","Description Hypothesis","stemi rv","0.0","69","29.20"
"101","Case-17","EKG Hypothesis","nstemi","0.5","25","52.98"
"101","Case-17","Description Hypothesis","nstemi","0.5","48","35.81"
"101","Case-19","EKG Hypothesis","niet cardiaal","0.0","33","48.03"
"101","Case-19","Description Hypothesis","nstemi","1.0","58","20.93"
"102","Case-01","EKG Hypothesis","doorgemaakt inferolateraal infarct","0.5","30","70.35"
"102","Case-01","Description Hypothesis","angina pectoris of pyrosis","0.5","50","105.62"
"102","Case-02","EKG Hypothesis","inferior stemi","0.0","25","126.37"
"102","Case-02","Description Hypothesis","reflux","1.0","60","50.40"
"102","Case-03","EKG Hypothesis","stemi","0.0","25","59.22"
"102","Case-03","Description Hypothesis","costo-myalgeen","1.0","60","31.32"
"102","Case-07","EKG Hypothesis","stemi","0.0","40","55.09"
"102","Case-07","Description Hypothesis","pericarditis","1.0","70","34.11"
"102","Case-08","EKG Hypothesis","stemi septaal","0.5","45","55.81"
"102","Case-08","Description Hypothesis","stemi septaal","0.5","60","75.91"
"102","Case-09","EKG Hypothesis","misschien stemi lateraal","0.5","25","69.04"
"102","Case-09","Description Hypothesis","doorgemaakt myocardinfarct lateraal","0.0","30","63.55"
"102","Case-12","EKG Hypothesis","geen ischemie","1.0","35","41.83"
"102","Case-12","Description Hypothesis","nstemi","0.0","50","47.77"
"102","Case-13","EKG Hypothesis","nstemi","1.0","40","51.57"
"102","Case-13","Description Hypothesis","nstemi","1.0","25","68.19"
"102","Case-15","EKG Hypothesis","normaal ecg, mogelijk inferior afwijkingen","0.5","15","62.45"
"102","Case-15","Description Hypothesis","iap","1.0","80","31.55"
"102","Case-16","EKG Hypothesis","hoofdstamstenose, demand ischemie","1.0","40","94.86"
"102","Case-16","Description Hypothesis","hoofdstamstenose","1.0","40","32.09"
"102","Case-17","EKG Hypothesis","nstemi","0.5","60","51.04"
"102","Case-17","Description Hypothesis","nstemi","0.5","55","46.45"
"102","Case-19","EKG Hypothesis","doorgemaakte ischemie inferior","0.5","25","54.25"
"102","Case-19","Description Hypothesis","nstemi","1.0","40","30.86"
"103","Case-01","EKG Hypothesis","inferolateraal infarct doorgemaakt","0.5","24","86.41"
"103","Case-01","Description Hypothesis","nstemi","1.0","17","157.52"
"103","Case-02","EKG Hypothesis","inferior stemi","0.0","25","70.22"
"103","Case-02","Description Hypothesis","pyrosis","1.0","25","51.38"
"103","Case-03","EKG Hypothesis","Â¿","0.0","1","99.58"
"103","Case-03","Description Hypothesis","not cardiac","1.0","27","28.13"
"103","Case-07","EKG Hypothesis","pericarditis","1.0","41","45.94"
"103","Case-07","Description Hypothesis","pericarditis","1.0","24","55.75"
"103","Case-08","EKG Hypothesis","left main stenosis","0.5","22","50.40"
"103","Case-08","Description Hypothesis","left main stenosis","0.5","30","34.17"
"103","Case-09","EKG Hypothesis","copd","0.0","12","49.01"
"103","Case-09","Description Hypothesis","pneumonie","0.0","22","77.98"
"103","Case-12","EKG Hypothesis","non cardiac","1.0","31","17.74"
"103","Case-12","Description Hypothesis","nstemi","0.0","32","32.21"
"103","Case-13","EKG Hypothesis","?","0.0","25","45.77"
"103","Case-13","Description Hypothesis","nstemi","1.0","11","56.34"
"103","Case-15","EKG Hypothesis","noncardiac","0.0","18","16.94"
"103","Case-15","Description Hypothesis","nstemi","1.0","23","19.95"
"103","Case-16","EKG Hypothesis","stc met 1e gr blok","0.5","25","34.10"
"103","Case-16","Description Hypothesis","nstemi","1.0","20","28.61"
"103","Case-17","EKG Hypothesis","doorgemaakt inferolateraal infarct","0.0","17","30.19"
"103","Case-17","Description Hypothesis","stress","0.5","42","33.20"
"103","Case-19","EKG Hypothesis","doorgemaakt inferior infarct","0.5","22","31.16"
"103","Case-19","Description Hypothesis","nstemi","1.0","3","21.19"
"104","Case-01","EKG Hypothesis","nstemi","1.0","47","15.77"
"104","Case-01","Description Hypothesis","nstemi","1.0","50","23.11"
"104","Case-02","EKG Hypothesis","pericarditis","1.0","31","-49.63"
"104","Case-02","Description Hypothesis","dyspepsie","1.0","76","14.64"
"104","Case-03","EKG Hypothesis","vroege repolarisatei","1.0","28","-174.68"
"104","Case-03","Description Hypothesis","spierpijn","1.0","69","22.30"
"104","Case-07","EKG Hypothesis","pericarditis","1.0","47","-240.21"
"104","Case-07","Description Hypothesis","pericarditis","1.0","80","15.81"
"104","Case-08","EKG Hypothesis","nstemi","1.0","27","-306.22"
"104","Case-08","Description Hypothesis","nstemi","1.0","76","19.58"
"104","Case-09","EKG Hypothesis","decompensatio cordis","0.0","15","66.73"
"104","Case-09","Description Hypothesis","doorgemaakt infarct","0.0","48","36.25"
"104","Case-12","EKG Hypothesis","niet cardiaal","1.0","26","33.55"
"104","Case-12","Description Hypothesis","coronairspasme","0.0","23","46.87"
"104","Case-13","EKG Hypothesis","mitralisklepinsufficientie","0.0","12","63.20"
"104","Case-13","Description Hypothesis","nstemi","1.0","20","25.10"
"104","Case-15","EKG Hypothesis","niet cardiaal","0.0","46","29.53"
"104","Case-15","Description Hypothesis","angina pectoris","1.0","46","18.10"
"104","Case-16","EKG Hypothesis","longembolie","0.0","15","40.32"
"104","Case-16","Description Hypothesis","ap","1.0","36","38.79"
"104","Case-17","EKG Hypothesis","doorgemaakt ipl infarct","0.0","26","21.76"
"104","Case-17","Description Hypothesis","doorgemaakt ipl infarct","0.0","74","21.13"
"104","Case-19","EKG Hypothesis","doorgemaakt posterior infarct","0.5","16","37.43"
"104","Case-19","Description Hypothesis","nstemi","1.0","64","18.37"
"105","Case-01","EKG Hypothesis","cardiac mimicking","0.0","50","82.32"
"105","Case-01","Description Hypothesis","acs","1.0","34","116.96"
"105","Case-02","EKG Hypothesis","sr met vroege repolarisatie.","1.0","70","58.25"
"105","Case-02","Description Hypothesis","perimyocarditis","0.5","61","89.41"
"105","Case-03","EKG Hypothesis","pericarditis","0.5","55","72.40"
"105","Case-03","Description Hypothesis","pericarditis","0.5","58","35.83"
"105","Case-07","EKG Hypothesis","inferoseptaal infarct","0.0","35","66.23"
"105","Case-07","Description Hypothesis","pericarditis","1.0","78","59.88"
"105","Case-08","EKG Hypothesis","ischemie","1.0","60","46.55"
"105","Case-08","Description Hypothesis","stabiele ap","0.0","64","41.35"
"105","Case-09","EKG Hypothesis","tamponade","0.0","63","75.95"
"105","Case-09","Description Hypothesis","pe met instroombelemmering","0.0","36","89.46"
"105","Case-12","EKG Hypothesis","sr","0.5","57","26.68"
"105","Case-12","Description Hypothesis","nstemi","0.0","63","194.89"
"105","Case-13","EKG Hypothesis","nstemi","1.0","32","223.68"
"105","Case-13","Description Hypothesis","nst","1.0","39","44.64"
"105","Case-16","EKG Hypothesis","hs stenose","1.0","26","24.05"
"105","Case-16","Description Hypothesis","nstemi","1.0","36","24.85"
"105","Case-17","EKG Hypothesis","nstemi","0.5","37","22.79"
"105","Case-17","Description Hypothesis","nstemi","0.5","39","16.45"
"105","Case-19","EKG Hypothesis","sr","0.0","20","28.31"
"105","Case-19","Description Hypothesis","atypisch pob","0.0","24","52.02"
"106","Case-01","EKG Hypothesis","nstemi","1.0","59","62.98"
"106","Case-01","Description Hypothesis","nstemi","1.0","65","59.82"
"106","Case-02","EKG Hypothesis","pericarditis","1.0","70","51.11"
"106","Case-02","Description Hypothesis","pericarditis en maagklachten","1.0","61","85.63"
"106","Case-03","EKG Hypothesis","stemi inferolateraal","0.0","28","73.07"
"106","Case-03","Description Hypothesis","maagklachten","0.5","25","94.43"
"106","Case-07","EKG Hypothesis","stemi","0.0","78","38.22"
"106","Case-07","Description Hypothesis","pericarditis","1.0","73","39.62"
"106","Case-08","EKG Hypothesis","subendocardiale ischemie","0.0","57","203.63"
"106","Case-08","Description Hypothesis","ap klachten","1.0","59","53.26"
"106","Case-09","EKG Hypothesis","tamponade","0.0","57","110.89"
"106","Case-09","Description Hypothesis","pericarditis","0.0","57","34.38"
"106","Case-12","EKG Hypothesis","nstemi","0.0","52","57.48"
"106","Case-12","Description Hypothesis","nstemi","0.0","57","94.68"
"106","Case-13","EKG Hypothesis","nstemi","1.0","41","79.82"
"106","Case-13","Description Hypothesis","nstemi","1.0","67","30.97"
"106","Case-15","EKG Hypothesis","nstemi","1.0","20","31.73"
"106","Case-15","Description Hypothesis","nstemi","1.0","58","80.95"
"106","Case-16","EKG Hypothesis","angina pectoris","1.0","52","27.92"
"106","Case-16","Description Hypothesis","angina pectoris","1.0","67","61.94"
"106","Case-17","EKG Hypothesis","angina pectoris","0.5","58","35.96"
"106","Case-17","Description Hypothesis","angina pectoris","0.5","56","38.92"
"106","Case-19","EKG Hypothesis","angina pectoris","1.0","36","29.42"
"106","Case-19","Description Hypothesis","nstemi","1.0","60","37.24"
"107","Case-01","EKG Hypothesis","doorgemaakt onderwandinfarct","0.5","94","62.56"
"107","Case-01","Description Hypothesis","restenose rca","0.5","52","40.56"
"107","Case-02","EKG Hypothesis","acuut onderwandinfarct","0.0","66","70.04"
"107","Case-02","Description Hypothesis","pericarditis","1.0","97","44.77"
"107","Case-03","EKG Hypothesis","acuut inferolateraal infarct","0.0","97","51.71"
"107","Case-03","Description Hypothesis","gastro-esofageale reflux","1.0","56","113.38"
"107","Case-07","EKG Hypothesis","pericarditis","1.0","49","71.89"
"107","Case-07","Description Hypothesis","pericarditis","1.0","96","44.73"
"107","Case-08","EKG Hypothesis","subendocardiale ischemie","0.0","51","114.20"
"107","Case-08","Description Hypothesis","angina pectoris","1.0","51","84.18"
"107","Case-09","EKG Hypothesis","tamponade","0.0","48","92.38"
"107","Case-09","Description Hypothesis","pericarditis met pericardeffusie","0.0","97","56.73"
"107","Case-12","EKG Hypothesis","niet cardiaal","1.0","37","73.83"
"107","Case-12","Description Hypothesis","paroxysmaal af","0.5","77","80.26"
"107","Case-13","EKG Hypothesis","mitralisinsufficientie","0.0","68","83.19"
"107","Case-13","Description Hypothesis","nstemi (met mitralisklepruptuur)","0.5","68","46.56"
"107","Case-15","EKG Hypothesis","nstemi","1.0","49","27.58"
"107","Case-15","Description Hypothesis","nstemi","1.0","64","111.86"
"107","Case-16","EKG Hypothesis","panischemie","1.0","65","65.70"
"107","Case-16","Description Hypothesis","hoofdstamstenose","1.0","97","26.67"
"107","Case-17","EKG Hypothesis","infero-anterolateraal infarct","0.0","51","129.65"
"107","Case-17","Description Hypothesis","infero-anterolateraal infarct","0.0","61","60.61"
"107","Case-19","EKG Hypothesis","nstemi","1.0","48","23.36"
"107","Case-19","Description Hypothesis","nstemi","1.0","59","21.82"
"108","Case-01","EKG Hypothesis","doorgemaakt onderwandinfarct in","1.0","68","34.25"
"108","Case-01","Description Hypothesis","mogelijk nieuwe ischemie","1.0","77","25.94"
"108","Case-03","EKG Hypothesis","pericarditis, masgklachten","0.5","35","55.19"
"108","Case-03","Description Hypothesis","maagklachten, costa myslgeen","1.0","84","46.83"
"108","Case-07","EKG Hypothesis","pericarditis","1.0","65","128.48"
"108","Case-07","Description Hypothesis","pericarditis","1.0","66","58.26"
"108","Case-08","EKG Hypothesis","lvh","0.0","60","33.38"
"108","Case-08","Description Hypothesis","acs","1.0","64","37.23"
"108","Case-09","EKG Hypothesis","hypertensie","0.0","28","152.34"
"108","Case-09","Description Hypothesis","hartfalen","0.0","57","60.74"
"108","Case-12","EKG Hypothesis","doorgemaakt onderwand infarct","0.0","57","69.42"
"108","Case-12","Description Hypothesis","acs","0.0","28","55.34"
"109","Case-01","EKG Hypothesis","ischemie inferolateraal","0.5","63","103.07"
"109","Case-01","Description Hypothesis","nstemi","1.0","72","70.84"
"109","Case-02","EKG Hypothesis","pericarditis","1.0","65","94.01"
"109","Case-02","Description Hypothesis","maagklachten","1.0","79","41.45"
"109","Case-03","EKG Hypothesis","pericarditis","0.5","72","42.41"
"109","Case-03","Description Hypothesis","hyperventilatie","1.0","67","34.36"
"109","Case-07","EKG Hypothesis","pericarditis","1.0","66","46.95"
"109","Case-07","Description Hypothesis","pericarditis","1.0","84","22.86"
"109","Case-08","EKG Hypothesis","nstemi","1.0","60","51.53"
"109","Case-08","Description Hypothesis","nstemi","1.0","79","28.24"
"109","Case-09","EKG Hypothesis","stemi","0.0","51","148.10"
"109","Case-09","Description Hypothesis","stemi","0.0","64","40.39"
"109","Case-12","EKG Hypothesis","normaal ecg","1.0","82","62.69"
"109","Case-12","Description Hypothesis","nstemi","0.0","49","66.97"
"109","Case-13","EKG Hypothesis","nstemi","1.0","51","53.11"
"109","Case-13","Description Hypothesis","nstemi","1.0","56","32.91"
"109","Case-15","EKG Hypothesis","normaal ecg","1.0","82","33.82"
"109","Case-15","Description Hypothesis","nstemi","1.0","73","39.73"
"109","Case-16","EKG Hypothesis","panischemie","1.0","73","55.79"
"109","Case-16","Description Hypothesis","nstemi","1.0","68","29.65"
"109","Case-17","EKG Hypothesis","nstemi","0.5","75","26.50"
"109","Case-17","Description Hypothesis","tako tsubo danwel nstemi","0.5","58","41.94"
"109","Case-19","EKG Hypothesis","normaal ecg","0.0","56","41.58"
"109","Case-19","Description Hypothesis","nstemi","1.0","62","33.94"
"110","Case-01","EKG Hypothesis","doorgemaakt ischemie","1.0","30","103.07"
"110","Case-01","Description Hypothesis","acs","1.0","43","70.84"
"110","Case-02","EKG Hypothesis","pericarditis","1.0","71","94.01"
"110","Case-02","Description Hypothesis","gastritis of reflux","1.0","74","41.45"
"110","Case-03","EKG Hypothesis","acs","0.0","40","42.41"
"110","Case-03","Description Hypothesis","nonspecifieke thoracale pijn","1.0","80","34.36"
"110","Case-07","EKG Hypothesis","acs","0.0","46","46.95"
"110","Case-07","Description Hypothesis","pericarditis","1.0","89","22.86"
"110","Case-08","EKG Hypothesis","hyperttensie","0.0","65","51.53"
"110","Case-08","Description Hypothesis","acs","1.0","65","28.24"
"110","Case-09","EKG Hypothesis","pulmonale belasting","0.5","40","148.10"
"110","Case-09","Description Hypothesis","ischemie","1.0","38","40.39"
"110","Case-12","EKG Hypothesis","normaal","1.0","93","62.69"
"110","Case-12","Description Hypothesis","niet cardiaal","1.0","79","66.97"
"110","Case-13","EKG Hypothesis","acs","1.0","42","53.11"
"110","Case-13","Description Hypothesis","acs","1.0","90","32.91"
"110","Case-15","EKG Hypothesis","normaal ecg","1.0","74","33.82"
"110","Case-15","Description Hypothesis","acs","1.0","94","39.73"
"110","Case-16","EKG Hypothesis","als 3vd","1.0","76","55.79"
"110","Case-16","Description Hypothesis","acs","1.0","80","29.65"
"110","Case-17","EKG Hypothesis","strain","0.5","72","26.50"
"110","Case-17","Description Hypothesis","takotsubo","0.5","86","41.94"
"110","Case-19","EKG Hypothesis","hypertensie","0.0","75","41.58"
"110","Case-19","Description Hypothesis","viraal infect","0.0","67","33.94"
"111","Case-01","EKG Hypothesis","doorgemaakte ischemie ipl gebied","0.5","80","186.84"
"111","Case-01","Description Hypothesis","ischemie","1.0","70","49.76"
"111","Case-02","EKG Hypothesis","pericarditis","1.0","69","26.00"
"111","Case-02","Description Hypothesis","gastrointestinale klachten","1.0","70","48.45"
"111","Case-03","EKG Hypothesis","infarct","0.0","37","57.45"
"111","Case-03","Description Hypothesis","hyperventilatie","1.0","30","83.19"
"111","Case-07","EKG Hypothesis","pericarditis","1.0","45","50.67"
"111","Case-07","Description Hypothesis","pericarditis","1.0","76","45.67"
"111","Case-08","EKG Hypothesis","strain","0.0","50","37.86"
"111","Case-08","Description Hypothesis","acs","1.0","59","31.18"
"111","Case-09","EKG Hypothesis","longembolie","0.5","40","90.90"
"111","Case-09","Description Hypothesis","ischemie","1.0","50","70.63"
"111","Case-12","EKG Hypothesis","normaal","1.0","70","42.75"
"111","Case-12","Description Hypothesis","viraal infect","0.5","70","136.08"
"111","Case-13","EKG Hypothesis","ischemie","1.0","80","17.06"
"111","Case-13","Description Hypothesis","ischemie","1.0","85","25.29"
"111","Case-15","EKG Hypothesis","normaal","0.0","90","30.22"
"111","Case-15","Description Hypothesis","acs","1.0","97","32.85"
"111","Case-16","EKG Hypothesis","eerstegraads av blok","0.5","70","42.72"
"111","Case-16","Description Hypothesis","ischemie","1.0","81","26.90"
"111","Case-17","EKG Hypothesis","acs","0.5","90","24.92"
"111","Case-17","Description Hypothesis","raktakotsubo","0.5","56","119.13"
"111","Case-19","EKG Hypothesis","longprobleem","0.0","80","12.09"
"111","Case-19","Description Hypothesis","infectie","0.0","49","59.03"
"112","Case-01","EKG Hypothesis","diffuus vlakke st segmenten","0.5","38","53.86"
"112","Case-01","Description Hypothesis","instabiele ap","1.0","23","420.38"
"112","Case-02","EKG Hypothesis","niet evident afwijkend ecg, vroege repolarisatie, mogelijk pta depressie","0.5","55","130.42"
"112","Case-02","Description Hypothesis","atypische thoracale pijn, niet verdacht voor cardiale ischemie","1.0","81","130.49"
"112","Case-03","EKG Hypothesis","diffuus iets opgetrokken st segmenten, mogelijk pericarditis","0.5","18","69.64"
"112","Case-03","Description Hypothesis","atypische thoracale pijn","1.0","73","41.08"
"112","Case-07","EKG Hypothesis","st elevaties inferior en anterior","0.0","49","123.81"
"112","Case-07","Description Hypothesis","pericarditis","1.0","72","61.27"
"112","Case-08","EKG Hypothesis","stemi","0.5","67","68.01"
"112","Case-08","Description Hypothesis","ischemie","1.0","73","44.24"
"113","Case-01","EKG Hypothesis","inferolateraal negatieve ts en minimale st depressie (geen oud ecg), verdenking nstemi, stenose plcx restenose rca","0.5","74","466.16"
"113","Case-01","Description Hypothesis","inferolateraal negatieve ts en minimale st depressie (geen oud ecg), verdenking nstemi, stenose plcx restenose rca","0.5","63","86.60"
"113","Case-02","EKG Hypothesis","indien neg, vroege repolarisatie","0.0","70","91.66"
"113","Case-02","Description Hypothesis","nog steeds verdenking acs, opnieuw ecg maken om te zien of het dynamisch is, troponines","0.0","63","108.83"
"113","Case-03","EKG Hypothesis","stemi ipl","0.0","71","31.61"
"113","Case-03","Description Hypothesis","vroege repolarisatie, acs nog niet uitgesloten","1.0","62","41.76"
"113","Case-07","EKG Hypothesis","acs, verdenking stemi ipl","0.0","63","53.79"
"113","Case-07","Description Hypothesis","stemi ipl","0.0","69","19.76"
"113","Case-08","EKG Hypothesis","komvormige st depressie inferolateraal, kan passen digoxine intoxicatie, acs nog niet uitgesloten","0.0","41","121.56"
"113","Case-08","Description Hypothesis","acs, cardiomypathie","1.0","59","56.12"
"115","Case-01","EKG Hypothesis","nstemi","1.0","61","142.05"
"115","Case-01","Description Hypothesis","nstemi","1.0","73","52.30"
"115","Case-02","EKG Hypothesis","stemi inferior","0.0","71","42.42"
"115","Case-02","Description Hypothesis","stemi inferior","0.0","62","123.96"
"115","Case-03","EKG Hypothesis","pericarditis","0.5","68","60.69"
"115","Case-03","Description Hypothesis","atypische pob (tendomyogeen)","1.0","76","73.97"
"115","Case-07","EKG Hypothesis","pericarditis","1.0","79","44.86"
"115","Case-07","Description Hypothesis","pericarditis","1.0","89","29.55"
"115","Case-12","EKG Hypothesis","acs","0.0","18","45.04"
"115","Case-12","Description Hypothesis","nstemi","0.0","62","41.46"
"115","Case-13","EKG Hypothesis","rv hypertrofie","0.0","32","44.33"
"115","Case-13","Description Hypothesis","nstemi","1.0","68","77.51"
"115","Case-15","EKG Hypothesis","acs","1.0","24","54.90"
"115","Case-15","Description Hypothesis","stemi","0.0","100","45.16"
"115","Case-16","EKG Hypothesis","nstemi","1.0","22","100.45"
"115","Case-16","Description Hypothesis","nstemi","1.0","69","30.64"
"116","Case-01","EKG Hypothesis","oud infero-posterior infarct","1.0","70","118.94"
"116","Case-01","Description Hypothesis","nstemi bij vg van oud inferoposterior infarct","1.0","85","152.09"
"116","Case-02","EKG Hypothesis","stemi inferior","0.0","70","70.07"
"116","Case-02","Description Hypothesis","stemi","0.0","84","50.02"
"116","Case-03","EKG Hypothesis","pericarditis","0.5","59","54.40"
"116","Case-03","Description Hypothesis","tendomyogeen (vroege repolarisatie)","1.0","70","52.96"
"116","Case-07","EKG Hypothesis","pericarditis","1.0","85","36.50"
"116","Case-07","Description Hypothesis","pericarditis","1.0","96","28.96"
"116","Case-08","EKG Hypothesis","panischemie","0.5","70","89.79"
"116","Case-08","Description Hypothesis","panischemie (elevatie avr)","0.5","80","43.82"
"116","Case-09","EKG Hypothesis","sinustach, rechteras, le?","0.5","55","103.00"
"116","Case-09","Description Hypothesis","tachycardie bij lwi/pneumonie","0.0","70","90.73"
"116","Case-12","EKG Hypothesis","gb","1.0","55","57.61"
"116","Case-12","Description Hypothesis","klachten bij conversie van af naar sr","0.5","75","99.21"
"116","Case-13","EKG Hypothesis","nstemi (neg t inf)","1.0","70","55.83"
"116","Case-13","Description Hypothesis","nstemi","1.0","80","32.83"
"116","Case-15","EKG Hypothesis","gb","0.0","60","26.95"
"116","Case-15","Description Hypothesis","nstemi","1.0","77","58.47"
"116","Case-16","EKG Hypothesis","oud inf infarct en nstemi","0.5","65","48.28"
"116","Case-16","Description Hypothesis","nstemi","1.0","85","36.39"
"116","Case-17","EKG Hypothesis","kort pr interval en nstemi","0.0","69","47.32"
"116","Case-17","Description Hypothesis","nstemi","0.5","80","44.04"
"116","Case-19","EKG Hypothesis","preexcitatie (v2)","0.0","66","43.09"
"116","Case-19","Description Hypothesis","nstemi","1.0","80","32.10"
