"USER","CASEN","STAGE","ANSWER","POINTS","CONFIDENCE","TIME","CTYPE"
"86","Case-01","Description Hypothesis","acs","1.0","70","126.70","EF"
"86","Case-01","EKG Hypothesis","acs","1.0","70","45.66","EF"
"86","Case-02","Description Hypothesis","maagklachten","1.0","60","80.00","EF"
"86","Case-02","EKG Hypothesis","pericarditis","1.0","75","29.42","EF"
"86","Case-03","Description Hypothesis","aspecifieke pijn, dd hvs","1.0","100","39.66","EF"
"86","Case-03","EKG Hypothesis","normal","1.0","89","26.61","EF"
"86","Case-07","Description Hypothesis","pericarditis","1.0","80","55.28","EF"
"86","Case-07","EKG Hypothesis","pericarditis","1.0","77","24.48","EF"
"86","Case-08","Description Hypothesis","angina pectoris","1.0","75","43.61","EF"
"86","Case-08","EKG Hypothesis","lvh strain.","0.0","81","29.71","EF"
"86","Case-09","Description Hypothesis","doorgemaakt infarct","0.0","90","33.17","EF"
"86","Case-09","EKG Hypothesis","doorgemaakt infarct.","0.5","19","89.99","EF"
"86","Case-12","Description Hypothesis","paf","0.0","51","64.10","EF"
"86","Case-12","EKG Hypothesis","normal ecg","1.0","100","30.32","EF"
"86","Case-13","Description Hypothesis","acs","1.0","67","26.11","EF"
"86","Case-13","EKG Hypothesis","prolonged qt, nonspecific st abnormalities","0.5","71","60.70","EF"
"86","Case-15","Description Hypothesis","acs","1.0","86","44.32","EF"
"86","Case-15","EKG Hypothesis","normal","0.0","100","35.04","EF"
"86","Case-16","Description Hypothesis","iap","1.0","86","31.34","EF"
"86","Case-16","EKG Hypothesis","sinus tachycardia, nonspecific st changes","0.5","70","58.74","EF"
"86","Case-17","Description Hypothesis","angina pectoris","0.5","47","41.72","EF"
"86","Case-17","EKG Hypothesis","strain, short pr without pre-excitation","0.5","78","79.69","EF"
"86","Case-19","Description Hypothesis","iap","1.0","46","41.64","EF"
"86","Case-19","EKG Hypothesis","hypertension","0.0","47","53.03","EF"
"88","Case-01","Description Hypothesis","stabiele angina pectoris","0.5","71","204.06","EF"
"88","Case-01","EKG Hypothesis","stabiele angina pectoris","0.5","70","67.42","EF"
"88","Case-02","Description Hypothesis","galstenen","0.5","70","68.65","EF"
"88","Case-02","EKG Hypothesis","pericarditis","1.0","60","95.85","EF"
"88","Case-03","Description Hypothesis","tendomyogene klachten","1.0","60","70.13","EF"
"88","Case-03","EKG Hypothesis","pericarditis","0.5","50","100.66","EF"
"88","Case-07","Description Hypothesis","pericarditis","1.0","100","31.50","EF"
"88","Case-07","EKG Hypothesis","pericarditis","1.0","60","38.87","EF"
"88","Case-08","Description Hypothesis","acuut myocard infarct","1.0","100","34.01","EF"
"88","Case-08","EKG Hypothesis","stemi posterior","0.0","80","44.90","EF"
"88","Case-09","Description Hypothesis","longembolie","0.5","80","39.11","EF"
"88","Case-09","EKG Hypothesis","longembolie","0.5","70","78.41","EF"
"88","Case-12","Description Hypothesis","paf","0.0","80","95.45","EF"
"88","Case-12","EKG Hypothesis","niet cardinals diagnose","1.0","51","44.20","EF"
"88","Case-13","Description Hypothesis","nstemi","1.0","70","64.58","EF"
"88","Case-13","EKG Hypothesis","mitralisinsufficientie","0.0","60","40.78","EF"
"88","Case-15","Description Hypothesis","instabiele ap","1.0","100","49.89","EF"
"88","Case-15","EKG Hypothesis","normaal ecg","1.0","80","28.68","EF"
"88","Case-16","Description Hypothesis","hoofdstad stenose","1.0","81","29.47","EF"
"88","Case-16","EKG Hypothesis","type 2 ischemie","0.5","80","32.87","EF"
"88","Case-17","Description Hypothesis","tako tsubo","0.5","100","50.76","EF"
"88","Case-17","EKG Hypothesis","lvh","0.5","70","31.42","EF"
"88","Case-19","Description Hypothesis","nstemi","1.0","74","56.05","EF"
"88","Case-19","EKG Hypothesis","nstemi","1.0","75","90.34","EF"
"90","Case-01","Description Hypothesis","acs","1.0","64","167.63","EF"
"90","Case-01","EKG Hypothesis","inferolaterale ischemie","0.5","55","50.52","EF"
"90","Case-02","Description Hypothesis","gastro intestinaal","1.0","76","135.63","EF"
"90","Case-02","EKG Hypothesis","acs","0.0","58","40.28","EF"
"90","Case-03","Description Hypothesis","niet cardiaal","1.0","81","51.23","EF"
"90","Case-03","EKG Hypothesis","ischemie","0.0","70","87.60","EF"
"90","Case-07","Description Hypothesis","pericarditis","1.0","91","47.02","EF"
"90","Case-07","EKG Hypothesis","pericarditis","1.0","57","97.70","EF"
"90","Case-08","Description Hypothesis","acs","1.0","92","48.27","EF"
"90","Case-08","EKG Hypothesis","acs","1.0","86","62.71","EF"
"90","Case-09","Description Hypothesis","longembolie","0.5","95","37.54","EF"
"90","Case-09","EKG Hypothesis","longembolie","0.5","80","108.90","EF"
"90","Case-12","Description Hypothesis","stress gerelateerde klachten","0.0","77","51.21","EF"
"90","Case-12","EKG Hypothesis","niet cardiaal","1.0","72","33.35","EF"
"90","Case-13","Description Hypothesis","panischemie","0.5","63","57.99","EF"
"90","Case-13","EKG Hypothesis","panischemie","0.5","60","104.78","EF"
"90","Case-15","Description Hypothesis","nstemi","1.0","74","109.87","EF"
"90","Case-15","EKG Hypothesis","acs","1.0","59","38.99","EF"
"90","Case-16","Description Hypothesis","acs","1.0","88","28.22","EF"
"90","Case-16","EKG Hypothesis","acs","1.0","63","20.03","EF"
"90","Case-17","Description Hypothesis","panischemie","0.0","76","26.01","EF"
"90","Case-17","EKG Hypothesis","panischemie","0.0","59","24.11","EF"
"90","Case-19","Description Hypothesis","nstemi","1.0","63","49.11","EF"
"90","Case-19","EKG Hypothesis","niet cardiaal","0.0","51","35.21","EF"
"91","Case-01","Description Hypothesis","acs","1.0","48","79.93","EF"
"91","Case-01","EKG Hypothesis","acs","1.0","50","49.75","EF"
"91","Case-02","Description Hypothesis","gerd","1.0","59","100.78","EF"
"91","Case-02","EKG Hypothesis","acs","0.0","61","57.53","EF"
"91","Case-03","Description Hypothesis","functional","1.0","47","93.20","EF"
"91","Case-03","EKG Hypothesis","acs","0.0","48","58.55","EF"
"91","Case-07","Description Hypothesis","pericarditis","1.0","82","70.76","EF"
"91","Case-07","EKG Hypothesis","acs","0.0","86","18.21","EF"
"91","Case-08","Description Hypothesis","acs","1.0","62","37.26","EF"
"91","Case-08","EKG Hypothesis","acs","1.0","42","51.02","EF"
"91","Case-09","Description Hypothesis","le","0.0","51","22.65","EF"
"91","Case-09","EKG Hypothesis","le","0.0","63","32.57","EF"
"91","Case-12","Description Hypothesis","functional","1.0","52","59.48","EF"
"91","Case-12","EKG Hypothesis","acs","0.0","42","21.91","EF"
"91","Case-13","Description Hypothesis","acs","1.0","61","33.22","EF"
"91","Case-13","EKG Hypothesis","la dilation","0.5","53","99.44","EF"
"91","Case-15","Description Hypothesis","acs","1.0","53","59.06","EF"
"91","Case-15","EKG Hypothesis","acs","1.0","49","16.12","EF"
"91","Case-16","Description Hypothesis","acs","1.0","65","56.73","EF"
"91","Case-16","EKG Hypothesis","acs ,","1.0","54","31.70","EF"
"91","Case-17","Description Hypothesis","functional","1.0","29","41.89","EF"
"91","Case-17","EKG Hypothesis","acs","0.5","53","23.36","EF"
"91","Case-19","Description Hypothesis","acs","1.0","66","65.37","EF"
"91","Case-19","EKG Hypothesis","copd","0.0","31","73.27","EF"
"92","Case-01","Description Hypothesis","nstemi","1.0","62","207.53","EF"
"92","Case-01","EKG Hypothesis","nstemi","1.0","63","82.79","EF"
"92","Case-02","Description Hypothesis","dyspepsie","1.0","41","80.36","EF"
"92","Case-02","EKG Hypothesis","pericarditis","1.0","36","39.63","EF"
"92","Case-03","Description Hypothesis","hvs","1.0","35","44.95","EF"
"92","Case-03","EKG Hypothesis","pericarditis","0.5","37","78.36","EF"
"92","Case-07","Description Hypothesis","pericarditis","1.0","66","43.30","EF"
"92","Case-07","EKG Hypothesis","acs","0.0","23","108.83","EF"
"92","Case-08","Description Hypothesis","nstemi","1.0","77","28.79","EF"
"92","Case-08","EKG Hypothesis","nstemi","1.0","41","25.01","EF"
"92","Case-09","Description Hypothesis","acs","1.0","66","38.93","EF"
"92","Case-09","EKG Hypothesis","acs","1.0","53","37.92","EF"
"92","Case-12","Description Hypothesis","functioneel","1.0","33","90.95","EF"
"92","Case-12","EKG Hypothesis","functioneel","1.0","58","49.85","EF"
"92","Case-13","Description Hypothesis","acs","1.0","36","70.52","EF"
"92","Case-13","EKG Hypothesis","acs","1.0","34","50.18","EF"
"92","Case-15","Description Hypothesis","acs","1.0","62","73.63","EF"
"92","Case-15","EKG Hypothesis","functioneel","0.0","26","33.29","EF"
"92","Case-16","Description Hypothesis","3-vatslijden","1.0","79","70.74","EF"
"92","Case-16","EKG Hypothesis","3-vatslijden","1.0","35","70.26","EF"
"92","Case-17","Description Hypothesis","functioneel","1.0","54","50.76","EF"
"92","Case-17","EKG Hypothesis","strain","0.5","58","44.32","EF"
"92","Case-19","Description Hypothesis","acs","1.0","56","42.29","EF"
"92","Case-19","EKG Hypothesis","acs","1.0","35","29.48","EF"
"93","Case-01","Description Hypothesis","nstemi","1.0","69","40.37","EF"
"93","Case-01","EKG Hypothesis","nstemi","1.0","66","137.13","EF"
"93","Case-02","Description Hypothesis","ge reflux","1.0","79","103.26","EF"
"93","Case-02","EKG Hypothesis","ge reflux","1.0","80","55.59","EF"
"93","Case-03","Description Hypothesis","hyperventilatie","1.0","86","131.05","EF"
"93","Case-03","EKG Hypothesis","lvh","0.0","70","55.95","EF"
"93","Case-07","Description Hypothesis","pericarditis","1.0","68","60.69","EF"
"93","Case-07","EKG Hypothesis","pericarditis","1.0","66","133.08","EF"
"93","Case-08","Description Hypothesis","iap","1.0","74","69.91","EF"
"93","Case-08","EKG Hypothesis","infarct","1.0","70","85.66","EF"
"93","Case-09","Description Hypothesis","longembolie","0.5","31","135.64","EF"
"93","Case-09","EKG Hypothesis","longembolie","0.5","24","146.00","EF"
"93","Case-12","Description Hypothesis","atypisch","1.0","76","125.44","EF"
"93","Case-12","EKG Hypothesis","atypisch","1.0","46","64.66","EF"
"93","Case-13","Description Hypothesis","nstemi","1.0","36","52.69","EF"
"93","Case-13","EKG Hypothesis","la dilatatie","0.5","48","57.14","EF"
"93","Case-15","Description Hypothesis","iap","1.0","59","64.63","EF"
"93","Case-15","EKG Hypothesis","normaal","0.0","49","26.99","EF"
"93","Case-16","Description Hypothesis","acs","1.0","86","50.42","EF"
"93","Case-16","EKG Hypothesis","nstemi","1.0","73","33.51","EF"
"93","Case-17","Description Hypothesis","ap","0.5","59","15.68","EF"
"93","Case-17","EKG Hypothesis","ischemie","0.5","68","26.05","EF"
"94","Case-01","Description Hypothesis","acs","1.0","49","45.25","EF"
"94","Case-01","EKG Hypothesis","history of myocardial infarction","1.0","30","137.66","EF"
"94","Case-02","Description Hypothesis","pyrosis","1.0","70","52.57","EF"
"94","Case-02","EKG Hypothesis","early repolarization inferior","1.0","50","108.65","EF"
"94","Case-03","Description Hypothesis","costomyalgeen","1.0","60","108.89","EF"
"94","Case-03","EKG Hypothesis","pericarditis","0.5","39","79.89","EF"
"94","Case-07","Description Hypothesis","pericarditis","1.0","80","33.20","EF"
"94","Case-07","EKG Hypothesis","pericarditis","1.0","80","32.79","EF"
"94","Case-08","Description Hypothesis","acs","1.0","80","31.46","EF"
"94","Case-08","EKG Hypothesis","acs","1.0","60","61.79","EF"
"94","Case-09","Description Hypothesis","acs","1.0","51","117.61","EF"
"94","Case-09","EKG Hypothesis","longembolie","0.5","76","70.70","EF"
"94","Case-12","Description Hypothesis","nstemi","0.0","32","48.59","EF"
"94","Case-12","EKG Hypothesis","normal ecg, hangt af van anamnese","1.0","100","66.19","EF"
"94","Case-13","Description Hypothesis","nstemi","1.0","75","27.66","EF"
"94","Case-13","EKG Hypothesis","nstemi","1.0","30","70.85","EF"
"94","Case-15","Description Hypothesis","acs","1.0","61","36.70","EF"
"94","Case-15","EKG Hypothesis","early repolarization","0.5","73","33.92","EF"
"94","Case-16","Description Hypothesis","acs","1.0","70","22.99","EF"
"94","Case-16","EKG Hypothesis","acs","1.0","37","53.71","EF"
"94","Case-17","Description Hypothesis","acs","0.5","89","19.76","EF"
"94","Case-17","EKG Hypothesis","acs","0.5","58","20.21","EF"
"94","Case-19","Description Hypothesis","nstemi","1.0","48","26.10","EF"
"94","Case-19","EKG Hypothesis","wpw?","0.0","16","78.13","EF"
"95","Case-01","Description Hypothesis","pyrosis/gerd, in het verleden doorgemaakt ipl infarct","0.0","90","240.70","EF"
"95","Case-01","EKG Hypothesis","doorgemaakt inferolateraal infarct","0.5","85","60.54","EF"
"95","Case-02","Description Hypothesis","pericarditis","1.0","80","105.89","EF"
"95","Case-02","EKG Hypothesis","pericarditis","1.0","95","28.95","EF"
"95","Case-03","Description Hypothesis","costomyogene klachten met op ecg vroege repolarisatie","1.0","70","87.34","EF"
"95","Case-03","EKG Hypothesis","pericarditis","0.5","70","101.86","EF"
"95","Case-07","Description Hypothesis","pericarditis","1.0","100","14.76","EF"
"95","Case-07","EKG Hypothesis","pericarditis","1.0","90","41.99","EF"
"95","Case-08","Description Hypothesis","voorwandinfarct","1.0","80","64.03","EF"
"95","Case-08","EKG Hypothesis","de winters t toppen","1.0","70","91.59","EF"
"95","Case-09","Description Hypothesis","longembolie","0.5","60","146.98","EF"
"95","Case-09","EKG Hypothesis","longembolie","0.5","69","86.03","EF"
"95","Case-12","Description Hypothesis","atypische thoracale pijn","1.0","80","53.08","EF"
"95","Case-12","EKG Hypothesis","normaal ecg","1.0","79","41.26","EF"
"95","Case-13","Description Hypothesis","nstemi","1.0","81","15.82","EF"
"95","Case-13","EKG Hypothesis","la dilatatie, vlakke repolarisatie, mogelijk nstemi","0.5","65","88.22","EF"
"95","Case-15","Description Hypothesis","nste-acs","1.0","75","34.39","EF"
"95","Case-15","EKG Hypothesis","vroege repolarisatie","0.5","76","40.98","EF"
"95","Case-16","Description Hypothesis","nste-acs","1.0","89","21.11","EF"
"95","Case-16","EKG Hypothesis","nste-acs","1.0","86","43.99","EF"
"95","Case-17","Description Hypothesis","takotsubo","0.5","54","26.12","EF"
"95","Case-17","EKG Hypothesis","nste-acs","0.5","89","21.98","EF"
"95","Case-19","Description Hypothesis","nste-acs","1.0","82","58.68","EF"
"95","Case-19","EKG Hypothesis","preexcitatie","0.0","81","51.97","EF"
"96","Case-01","Description Hypothesis","doorgemaakt inferior infarct","0.5","60","141.08","EF"
"96","Case-01","EKG Hypothesis","pyrosis","0.0","68","114.38","EF"
"96","Case-02","Description Hypothesis","gastritis/reflux/ ulcer","1.0","84","96.19","EF"
"96","Case-02","EKG Hypothesis","pericarditis","1.0","50","98.11","EF"
"96","Case-03","Description Hypothesis","aspecifiek","1.0","30","82.11","EF"
"96","Case-03","EKG Hypothesis","pericarditis","0.5","40","65.59","EF"
"96","Case-07","Description Hypothesis","stemi","0.0","35","35.77","EF"
"96","Case-07","EKG Hypothesis","stemi","0.0","48","105.60","EF"
"96","Case-08","Description Hypothesis","stemi","0.5","43","43.67","EF"
"96","Case-08","EKG Hypothesis","proximale lad occlusie","1.0","22","72.17","EF"
"96","Case-09","Description Hypothesis","lateraal infarct","0.5","32","30.29","EF"
"96","Case-09","EKG Hypothesis","lateraal infarct","0.5","37","69.61","EF"
"96","Case-12","Description Hypothesis","atypische thoracale pijn","1.0","53","109.73","EF"
"96","Case-12","EKG Hypothesis","normaal","1.0","45","66.29","EF"
"96","Case-13","Description Hypothesis","nstemi","1.0","52","33.04","EF"
"96","Case-13","EKG Hypothesis","nstemi","1.0","49","63.61","EF"
"96","Case-15","Description Hypothesis","nstemi/iap","1.0","39","149.07","EF"
"96","Case-15","EKG Hypothesis","niet cardiaal","0.0","49","6.87","EF"
"96","Case-16","Description Hypothesis","ap","1.0","41","114.56","EF"
"96","Case-16","EKG Hypothesis","demand ischemie","0.5","42","65.78","EF"
"96","Case-17","Description Hypothesis","dhje","0.0","42","40.22","EF"
"96","Case-17","EKG Hypothesis","strain","0.5","53","66.57","EF"
"97","Case-01","Description Hypothesis","nstemi","1.0","69","62.91","EF"
"97","Case-01","EKG Hypothesis","nstemi","1.0","22","61.31","EF"
"97","Case-02","Description Hypothesis","pyrosis","1.0","83","64.19","EF"
"97","Case-02","EKG Hypothesis","vroege repolarisatie/pericarditis","0.5","22","61.16","EF"
"97","Case-03","Description Hypothesis","costomyalgeen","1.0","92","31.14","EF"
"97","Case-03","EKG Hypothesis","vroege repolarisatie","1.0","26","79.23","EF"
"97","Case-07","Description Hypothesis","pericarditis","1.0","83","34.29","EF"
"97","Case-07","EKG Hypothesis","pericarditis of negroïde patiënt","1.0","23","86.20","EF"
"97","Case-08","Description Hypothesis","nstemi drievatijden","0.5","90","23.90","EF"
"97","Case-08","EKG Hypothesis","drievatslijden nstemi","0.5","54","118.40","EF"
"97","Case-09","Description Hypothesis","doorgemaakt lateraal infarct","0.0","90","48.66","EF"
"97","Case-09","EKG Hypothesis","lateraal infarct","0.5","48","91.11","EF"
"97","Case-12","Description Hypothesis","hypertensie, geen acs","0.0","78","62.19","EF"
"97","Case-12","EKG Hypothesis","geen acs, misschien lvh","0.0","61","37.83","EF"
"97","Case-13","Description Hypothesis","ap","0.5","86","62.32","EF"
"97","Case-13","EKG Hypothesis","nstemi","1.0","38","70.33","EF"
"97","Case-15","Description Hypothesis","iap","1.0","36","102.46","EF"
"97","Case-15","EKG Hypothesis","normaal ecg","1.0","93","50.00","EF"
"97","Case-16","Description Hypothesis","drievatslijden","1.0","92","32.65","EF"
"97","Case-16","EKG Hypothesis","drievatslijden","1.0","69","47.11","EF"
"97","Case-17","Description Hypothesis","myalgeen/stress","0.0","57","71.29","EF"
"97","Case-17","EKG Hypothesis","drievatslijden","0.0","53","42.15","EF"
"97","Case-19","Description Hypothesis","iap/nstemi","1.0","84","39.69","EF"
"97","Case-19","EKG Hypothesis","mogelijk doorgemaakt inferior ischemie","0.5","26","70.05","EF"
"98","Case-01","Description Hypothesis","nstemi","1.0","73","92.98","EF"
"98","Case-01","EKG Hypothesis","nstemi","1.0","52","191.34","EF"
"98","Case-03","Description Hypothesis","pericarditis","0.5","60","44.45","EF"
"98","Case-03","EKG Hypothesis","pericarditis","0.5","44","31.93","EF"
"98","Case-07","Description Hypothesis","pericarditis","1.0","82","53.21","EF"
"98","Case-07","EKG Hypothesis","pericarditis","1.0","40","125.77","EF"
"98","Case-08","Description Hypothesis","acs","1.0","84","39.55","EF"
"98","Case-08","EKG Hypothesis","nstemi","1.0","30","65.68","EF"
"98","Case-09","Description Hypothesis","lateraal infarct","0.5","83","34.85","EF"
"98","Case-09","EKG Hypothesis","lateraal infarct","0.5","25","96.84","EF"
"98","Case-12","Description Hypothesis","iap/nstemi","0.0","35","95.69","EF"
"98","Case-12","EKG Hypothesis","niet cardiale klachten","1.0","29","30.03","EF"
"98","Case-13","Description Hypothesis","acs","1.0","80","50.75","EF"
"98","Case-13","EKG Hypothesis","acs","1.0","16","139.30","EF"
"98","Case-15","Description Hypothesis","nstemi","1.0","69","48.80","EF"
"98","Case-15","EKG Hypothesis","niet cardiale klachten","0.0","20","73.51","EF"
"98","Case-16","Description Hypothesis","niet cardiale klachten","0.0","63","54.02","EF"
"98","Case-16","EKG Hypothesis","niet cardiaal","0.0","16","58.68","EF"
"98","Case-17","Description Hypothesis","slokdarm spasme","0.0","17","58.16","EF"
"98","Case-17","EKG Hypothesis","acs","0.5","24","41.05","EF"
"98","Case-19","Description Hypothesis","acs","1.0","62","42.94","EF"
"98","Case-19","EKG Hypothesis","longembolie","0.0","25","31.75","EF"
"99","Case-01","Description Hypothesis","nstemi","1.0","85","82.63","EF"
"99","Case-01","EKG Hypothesis","nstemi met inferolateraal neg t's","1.0","80","104.80","EF"
"99","Case-02","Description Hypothesis","reflux/gastritis","1.0","75","79.18","EF"
"99","Case-02","EKG Hypothesis","pericarditis","1.0","90","78.65","EF"
"99","Case-03","Description Hypothesis","ber (vroege repolarisatiestoornis)op ecg, aspecifieke thoracale klachten","1.0","100","64.80","EF"
"99","Case-03","EKG Hypothesis","ber (vroege repolarisatiestoornis)","1.0","85","64.91","EF"
"99","Case-07","Description Hypothesis","pericarditis","1.0","70","49.00","EF"
"99","Case-07","EKG Hypothesis","stemi","0.0","60","226.96","EF"
"99","Case-08","Description Hypothesis","acs","1.0","80","75.69","EF"
"99","Case-08","EKG Hypothesis","acs","1.0","75","62.25","EF"
"99","Case-09","Description Hypothesis","stemi","0.0","70","56.84","EF"
"99","Case-09","EKG Hypothesis","stemi lateraal","0.5","100","64.34","EF"
"99","Case-12","Description Hypothesis","paf","0.0","60","122.25","EF"
"99","Case-12","EKG Hypothesis","normaal ecg","1.0","94","55.41","EF"
"99","Case-13","Description Hypothesis","nstemi","1.0","75","30.63","EF"
"99","Case-13","EKG Hypothesis","la dilatatie en neg t's lateraal","0.5","80","69.98","EF"
"99","Case-15","Description Hypothesis","nstemi","1.0","95","30.68","EF"
"99","Case-15","EKG Hypothesis","normaal ecg","1.0","95","119.47","EF"
"99","Case-16","Description Hypothesis","acs","1.0","90","26.32","EF"
"99","Case-16","EKG Hypothesis","3 vd of hs stenose","1.0","85","47.40","EF"
"99","Case-17","Description Hypothesis","spanning","0.5","80","31.52","EF"
"99","Case-17","EKG Hypothesis","lvh","0.5","60","29.14","EF"
"99","Case-19","Description Hypothesis","nstemi","1.0","69","34.46","EF"
"99","Case-19","EKG Hypothesis","normaal ecg","0.0","71","23.96","EF"
"100","Case-01","Description Hypothesis","mogelijk nstemi","1.0","53","149.43","EF"
"100","Case-01","EKG Hypothesis","doorgemaakt onderwand infarct","0.5","60","66.39","EF"
"100","Case-02","Description Hypothesis","reflux","1.0","90","127.28","EF"
"100","Case-02","EKG Hypothesis","geen cardiale acute pathologie","0.5","55","60.22","EF"
"100","Case-03","Description Hypothesis","atypische thor klachten","1.0","86","90.99","EF"
"100","Case-03","EKG Hypothesis","geen stemi","1.0","62","80.43","EF"
"100","Case-07","Description Hypothesis","pericarditis","1.0","100","48.03","EF"
"100","Case-07","EKG Hypothesis","pericarditis","1.0","63","40.22","EF"
"100","Case-08","Description Hypothesis","iap","1.0","74","76.73","EF"
"100","Case-08","EKG Hypothesis","atypisch","0.0","23","87.55","EF"
"100","Case-09","Description Hypothesis","nstemi","1.0","52","114.75","EF"
"100","Case-09","EKG Hypothesis","geen acute pathologie","0.0","39","62.69","EF"
"100","Case-12","Description Hypothesis","niet cardiaal","1.0","80","74.50","EF"
"100","Case-12","EKG Hypothesis","niet cardiaal","1.0","59","34.09","EF"
"100","Case-13","Description Hypothesis","mogelijk ap/iap","0.5","40","109.49","EF"
"100","Case-13","EKG Hypothesis","la vergroting en neg t inf/lat","0.5","56","78.20","EF"
"100","Case-15","Description Hypothesis","nstemi","1.0","52","85.84","EF"
"100","Case-15","EKG Hypothesis","niet cardiaal","0.0","42","21.02","EF"
"100","Case-16","Description Hypothesis","ap","1.0","58","66.20","EF"
"100","Case-16","EKG Hypothesis","st depressie v2-v4","1.0","57","97.48","EF"
"101","Case-01","Description Hypothesis","doorgemaakt infero posterior infarct","0.5","83","60.10","EF"
"101","Case-01","EKG Hypothesis","doorgemaakt infarct","1.0","71","76.63","EF"
"101","Case-02","Description Hypothesis","reflux","1.0","83","78.54","EF"
"101","Case-02","EKG Hypothesis","inferior stemi","0.0","86","61.79","EF"
"101","Case-03","Description Hypothesis","niet cardiale klachten","1.0","78","62.04","EF"
"101","Case-03","EKG Hypothesis","stemi onderwand","0.0","46","102.62","EF"
"101","Case-07","Description Hypothesis","pericarditis","1.0","82","44.06","EF"
"101","Case-07","EKG Hypothesis","pericarditis","1.0","80","30.23","EF"
"101","Case-08","Description Hypothesis","nstemi","1.0","70","48.17","EF"
"101","Case-08","EKG Hypothesis","nstemi","1.0","65","96.72","EF"
"101","Case-09","Description Hypothesis","stemi lateraal","0.5","84","55.20","EF"
"101","Case-09","EKG Hypothesis","stemi lateraal","0.5","83","80.94","EF"
"101","Case-12","Description Hypothesis","brady tachy","0.0","65","86.44","EF"
"101","Case-12","EKG Hypothesis","normaal ecg","1.0","61","66.26","EF"
"101","Case-13","Description Hypothesis","niet cardiaal","0.0","74","70.65","EF"
"101","Case-13","EKG Hypothesis","nstemi","1.0","73","121.98","EF"
"101","Case-15","Description Hypothesis","nstemi","1.0","66","46.70","EF"
"101","Case-15","EKG Hypothesis","pericarditis","0.0","59","46.23","EF"
"101","Case-16","Description Hypothesis","stemi rv","0.0","69","29.20","EF"
"101","Case-16","EKG Hypothesis","rv infarct","0.0","58","56.35","EF"
"101","Case-17","Description Hypothesis","nstemi","0.5","48","35.81","EF"
"101","Case-17","EKG Hypothesis","nstemi","0.5","25","52.98","EF"
"101","Case-19","Description Hypothesis","nstemi","1.0","58","20.93","EF"
"101","Case-19","EKG Hypothesis","niet cardiaal","0.0","33","48.03","EF"
"102","Case-01","Description Hypothesis","angina pectoris of pyrosis","0.5","50","105.62","EF"
"102","Case-01","EKG Hypothesis","doorgemaakt inferolateraal infarct","0.5","30","70.35","EF"
"102","Case-02","Description Hypothesis","reflux","1.0","60","50.40","EF"
"102","Case-02","EKG Hypothesis","inferior stemi","0.0","25","126.37","EF"
"102","Case-03","Description Hypothesis","costo-myalgeen","1.0","60","31.32","EF"
"102","Case-03","EKG Hypothesis","stemi","0.0","25","59.22","EF"
"102","Case-07","Description Hypothesis","pericarditis","1.0","70","34.11","EF"
"102","Case-07","EKG Hypothesis","stemi","0.0","40","55.09","EF"
"102","Case-08","Description Hypothesis","stemi septaal","0.5","60","75.91","EF"
"102","Case-08","EKG Hypothesis","stemi septaal","0.5","45","55.81","EF"
"102","Case-09","Description Hypothesis","doorgemaakt myocardinfarct lateraal","0.0","30","63.55","EF"
"102","Case-09","EKG Hypothesis","misschien stemi lateraal","0.5","25","69.04","EF"
"102","Case-12","Description Hypothesis","nstemi","0.0","50","47.77","EF"
"102","Case-12","EKG Hypothesis","geen ischemie","1.0","35","41.83","EF"
"102","Case-13","Description Hypothesis","nstemi","1.0","25","68.19","EF"
"102","Case-13","EKG Hypothesis","nstemi","1.0","40","51.57","EF"
"102","Case-15","Description Hypothesis","iap","1.0","80","31.55","EF"
"102","Case-15","EKG Hypothesis","normaal ecg, mogelijk inferior afwijkingen","0.5","15","62.45","EF"
"102","Case-16","Description Hypothesis","hoofdstamstenose","1.0","40","32.09","EF"
"102","Case-16","EKG Hypothesis","hoofdstamstenose, demand ischemie","1.0","40","94.86","EF"
"102","Case-17","Description Hypothesis","nstemi","0.5","55","46.45","EF"
"102","Case-17","EKG Hypothesis","nstemi","0.5","60","51.04","EF"
"102","Case-19","Description Hypothesis","nstemi","1.0","40","30.86","EF"
"102","Case-19","EKG Hypothesis","doorgemaakte ischemie inferior","0.5","25","54.25","EF"
"103","Case-01","Description Hypothesis","nstemi","1.0","17","157.52","EF"
"103","Case-01","EKG Hypothesis","inferolateraal infarct doorgemaakt","0.5","24","86.41","EF"
"103","Case-02","Description Hypothesis","pyrosis","1.0","25","51.38","EF"
"103","Case-02","EKG Hypothesis","inferior stemi","0.0","25","70.22","EF"
"103","Case-03","Description Hypothesis","not cardiac","1.0","27","28.13","EF"
"103","Case-03","EKG Hypothesis","¿","0.0","1","99.58","EF"
"103","Case-07","Description Hypothesis","pericarditis","1.0","24","55.75","EF"
"103","Case-07","EKG Hypothesis","pericarditis","1.0","41","45.94","EF"
"103","Case-08","Description Hypothesis","left main stenosis","0.5","30","34.17","EF"
"103","Case-08","EKG Hypothesis","left main stenosis","0.5","22","50.40","EF"
"103","Case-09","Description Hypothesis","pneumonie","0.0","22","77.98","EF"
"103","Case-09","EKG Hypothesis","copd","0.0","12","49.01","EF"
"103","Case-12","Description Hypothesis","nstemi","0.0","32","32.21","EF"
"103","Case-12","EKG Hypothesis","non cardiac","1.0","31","17.74","EF"
"103","Case-13","Description Hypothesis","nstemi","1.0","11","56.34","EF"
"103","Case-13","EKG Hypothesis","?","0.0","25","45.77","EF"
"103","Case-15","Description Hypothesis","nstemi","1.0","23","19.95","EF"
"103","Case-15","EKG Hypothesis","noncardiac","0.0","18","16.94","EF"
"103","Case-16","Description Hypothesis","nstemi","1.0","20","28.61","EF"
"103","Case-16","EKG Hypothesis","stc met 1e gr blok","0.5","25","34.10","EF"
"103","Case-17","Description Hypothesis","stress","0.5","42","33.20","EF"
"103","Case-17","EKG Hypothesis","doorgemaakt inferolateraal infarct","0.0","17","30.19","EF"
"103","Case-19","Description Hypothesis","nstemi","1.0","3","21.19","EF"
"103","Case-19","EKG Hypothesis","doorgemaakt inferior infarct","0.5","22","31.16","EF"
"104","Case-01","Description Hypothesis","nstemi","1.0","50","23.11","EF"
"104","Case-01","EKG Hypothesis","nstemi","1.0","47","15.77","EF"
"104","Case-02","Description Hypothesis","dyspepsie","1.0","76","14.64","EF"
"104","Case-02","EKG Hypothesis","pericarditis","1.0","31","-49.63","EF"
"104","Case-03","Description Hypothesis","spierpijn","1.0","69","22.30","EF"
"104","Case-03","EKG Hypothesis","vroege repolarisatei","1.0","28","-174.68","EF"
"104","Case-07","Description Hypothesis","pericarditis","1.0","80","15.81","EF"
"104","Case-07","EKG Hypothesis","pericarditis","1.0","47","-240.21","EF"
"104","Case-08","Description Hypothesis","nstemi","1.0","76","19.58","EF"
"104","Case-08","EKG Hypothesis","nstemi","1.0","27","-306.22","EF"
"104","Case-09","Description Hypothesis","doorgemaakt infarct","0.0","48","36.25","EF"
"104","Case-09","EKG Hypothesis","decompensatio cordis","0.0","15","66.73","EF"
"104","Case-12","Description Hypothesis","coronairspasme","0.0","23","46.87","EF"
"104","Case-12","EKG Hypothesis","niet cardiaal","1.0","26","33.55","EF"
"104","Case-13","Description Hypothesis","nstemi","1.0","20","25.10","EF"
"104","Case-13","EKG Hypothesis","mitralisklepinsufficientie","0.0","12","63.20","EF"
"104","Case-15","Description Hypothesis","angina pectoris","1.0","46","18.10","EF"
"104","Case-15","EKG Hypothesis","niet cardiaal","0.0","46","29.53","EF"
"104","Case-16","Description Hypothesis","ap","1.0","36","38.79","EF"
"104","Case-16","EKG Hypothesis","longembolie","0.0","15","40.32","EF"
"104","Case-17","Description Hypothesis","doorgemaakt ipl infarct","0.0","74","21.13","EF"
"104","Case-17","EKG Hypothesis","doorgemaakt ipl infarct","0.0","26","21.76","EF"
"104","Case-19","Description Hypothesis","nstemi","1.0","64","18.37","EF"
"104","Case-19","EKG Hypothesis","doorgemaakt posterior infarct","0.5","16","37.43","EF"
"105","Case-01","Description Hypothesis","acs","1.0","34","116.96","EF"
"105","Case-01","EKG Hypothesis","cardiac mimicking","0.0","50","82.32","EF"
"105","Case-02","Description Hypothesis","perimyocarditis","0.5","61","89.41","EF"
"105","Case-02","EKG Hypothesis","sr met vroege repolarisatie.","1.0","70","58.25","EF"
"105","Case-03","Description Hypothesis","pericarditis","0.5","58","35.83","EF"
"105","Case-03","EKG Hypothesis","pericarditis","0.5","55","72.40","EF"
"105","Case-07","Description Hypothesis","pericarditis","1.0","78","59.88","EF"
"105","Case-07","EKG Hypothesis","inferoseptaal infarct","0.0","35","66.23","EF"
"105","Case-08","Description Hypothesis","stabiele ap","0.0","64","41.35","EF"
"105","Case-08","EKG Hypothesis","ischemie","1.0","60","46.55","EF"
"105","Case-09","Description Hypothesis","pe met instroombelemmering","0.0","36","89.46","EF"
"105","Case-09","EKG Hypothesis","tamponade","0.0","63","75.95","EF"
"105","Case-12","Description Hypothesis","nstemi","0.0","63","194.89","EF"
"105","Case-12","EKG Hypothesis","sr","0.5","57","26.68","EF"
"105","Case-13","Description Hypothesis","nst","1.0","39","44.64","EF"
"105","Case-13","EKG Hypothesis","nstemi","1.0","32","223.68","EF"
"105","Case-16","Description Hypothesis","nstemi","1.0","36","24.85","EF"
"105","Case-16","EKG Hypothesis","hs stenose","1.0","26","24.05","EF"
"105","Case-17","Description Hypothesis","nstemi","0.5","39","16.45","EF"
"105","Case-17","EKG Hypothesis","nstemi","0.5","37","22.79","EF"
"105","Case-19","Description Hypothesis","atypisch pob","0.0","24","52.02","EF"
"105","Case-19","EKG Hypothesis","sr","0.0","20","28.31","EF"
"106","Case-01","Description Hypothesis","nstemi","1.0","65","59.82","EF"
"106","Case-01","EKG Hypothesis","nstemi","1.0","59","62.98","EF"
"106","Case-02","Description Hypothesis","pericarditis en maagklachten","1.0","61","85.63","EF"
"106","Case-02","EKG Hypothesis","pericarditis","1.0","70","51.11","EF"
"106","Case-03","Description Hypothesis","maagklachten","0.5","25","94.43","EF"
"106","Case-03","EKG Hypothesis","stemi inferolateraal","0.0","28","73.07","EF"
"106","Case-07","Description Hypothesis","pericarditis","1.0","73","39.62","EF"
"106","Case-07","EKG Hypothesis","stemi","0.0","78","38.22","EF"
"106","Case-08","Description Hypothesis","ap klachten","1.0","59","53.26","EF"
"106","Case-08","EKG Hypothesis","subendocardiale ischemie","0.0","57","203.63","EF"
"106","Case-09","Description Hypothesis","pericarditis","0.0","57","34.38","EF"
"106","Case-09","EKG Hypothesis","tamponade","0.0","57","110.89","EF"
"106","Case-12","Description Hypothesis","nstemi","0.0","57","94.68","EF"
"106","Case-12","EKG Hypothesis","nstemi","0.0","52","57.48","EF"
"106","Case-13","Description Hypothesis","nstemi","1.0","67","30.97","EF"
"106","Case-13","EKG Hypothesis","nstemi","1.0","41","79.82","EF"
"106","Case-15","Description Hypothesis","nstemi","1.0","58","80.95","EF"
"106","Case-15","EKG Hypothesis","nstemi","1.0","20","31.73","EF"
"106","Case-16","Description Hypothesis","angina pectoris","1.0","67","61.94","EF"
"106","Case-16","EKG Hypothesis","angina pectoris","1.0","52","27.92","EF"
"106","Case-17","Description Hypothesis","angina pectoris","0.5","56","38.92","EF"
"106","Case-17","EKG Hypothesis","angina pectoris","0.5","58","35.96","EF"
"106","Case-19","Description Hypothesis","nstemi","1.0","60","37.24","EF"
"106","Case-19","EKG Hypothesis","angina pectoris","1.0","36","29.42","EF"
"107","Case-01","Description Hypothesis","restenose rca","0.5","52","40.56","EF"
"107","Case-01","EKG Hypothesis","doorgemaakt onderwandinfarct","0.5","94","62.56","EF"
"107","Case-02","Description Hypothesis","pericarditis","1.0","97","44.77","EF"
"107","Case-02","EKG Hypothesis","acuut onderwandinfarct","0.0","66","70.04","EF"
"107","Case-03","Description Hypothesis","gastro-esofageale reflux","1.0","56","113.38","EF"
"107","Case-03","EKG Hypothesis","acuut inferolateraal infarct","0.0","97","51.71","EF"
"107","Case-07","Description Hypothesis","pericarditis","1.0","96","44.73","EF"
"107","Case-07","EKG Hypothesis","pericarditis","1.0","49","71.89","EF"
"107","Case-08","Description Hypothesis","angina pectoris","1.0","51","84.18","EF"
"107","Case-08","EKG Hypothesis","subendocardiale ischemie","0.0","51","114.20","EF"
"107","Case-09","Description Hypothesis","pericarditis met pericardeffusie","0.0","97","56.73","EF"
"107","Case-09","EKG Hypothesis","tamponade","0.0","48","92.38","EF"
"107","Case-12","Description Hypothesis","paroxysmaal af","0.5","77","80.26","EF"
"107","Case-12","EKG Hypothesis","niet cardiaal","1.0","37","73.83","EF"
"107","Case-13","Description Hypothesis","nstemi (met mitralisklepruptuur)","0.5","68","46.56","EF"
"107","Case-13","EKG Hypothesis","mitralisinsufficientie","0.0","68","83.19","EF"
"107","Case-15","Description Hypothesis","nstemi","1.0","64","111.86","EF"
"107","Case-15","EKG Hypothesis","nstemi","1.0","49","27.58","EF"
"107","Case-16","Description Hypothesis","hoofdstamstenose","1.0","97","26.67","EF"
"107","Case-16","EKG Hypothesis","panischemie","1.0","65","65.70","EF"
"107","Case-17","Description Hypothesis","infero-anterolateraal infarct","0.0","61","60.61","EF"
"107","Case-17","EKG Hypothesis","infero-anterolateraal infarct","0.0","51","129.65","EF"
"107","Case-19","Description Hypothesis","nstemi","1.0","59","21.82","EF"
"107","Case-19","EKG Hypothesis","nstemi","1.0","48","23.36","EF"
"108","Case-01","Description Hypothesis","mogelijk nieuwe ischemie","1.0","77","25.94","EF"
"108","Case-01","EKG Hypothesis","doorgemaakt onderwandinfarct in","1.0","68","34.25","EF"
"108","Case-03","Description Hypothesis","maagklachten, costa myslgeen","1.0","84","46.83","EF"
"108","Case-03","EKG Hypothesis","pericarditis, masgklachten","0.5","35","55.19","EF"
"108","Case-07","Description Hypothesis","pericarditis","1.0","66","58.26","EF"
"108","Case-07","EKG Hypothesis","pericarditis","1.0","65","128.48","EF"
"108","Case-08","Description Hypothesis","acs","1.0","64","37.23","EF"
"108","Case-08","EKG Hypothesis","lvh","0.0","60","33.38","EF"
"108","Case-09","Description Hypothesis","hartfalen","0.0","57","60.74","EF"
"108","Case-09","EKG Hypothesis","hypertensie","0.0","28","152.34","EF"
"108","Case-12","Description Hypothesis","acs","0.0","28","55.34","EF"
"108","Case-12","EKG Hypothesis","doorgemaakt onderwand infarct","0.0","57","69.42","EF"
"109","Case-01","Description Hypothesis","nstemi","1.0","72","70.84","EF"
"109","Case-01","EKG Hypothesis","ischemie inferolateraal","0.5","63","103.07","EF"
"109","Case-02","Description Hypothesis","maagklachten","1.0","79","41.45","EF"
"109","Case-02","EKG Hypothesis","pericarditis","1.0","65","94.01","EF"
"109","Case-03","Description Hypothesis","hyperventilatie","1.0","67","34.36","EF"
"109","Case-03","EKG Hypothesis","pericarditis","0.5","72","42.41","EF"
"109","Case-07","Description Hypothesis","pericarditis","1.0","84","22.86","EF"
"109","Case-07","EKG Hypothesis","pericarditis","1.0","66","46.95","EF"
"109","Case-08","Description Hypothesis","nstemi","1.0","79","28.24","EF"
"109","Case-08","EKG Hypothesis","nstemi","1.0","60","51.53","EF"
"109","Case-09","Description Hypothesis","stemi","0.0","64","40.39","EF"
"109","Case-09","EKG Hypothesis","stemi","0.0","51","148.10","EF"
"109","Case-12","Description Hypothesis","nstemi","0.0","49","66.97","EF"
"109","Case-12","EKG Hypothesis","normaal ecg","1.0","82","62.69","EF"
"109","Case-13","Description Hypothesis","nstemi","1.0","56","32.91","EF"
"109","Case-13","EKG Hypothesis","nstemi","1.0","51","53.11","EF"
"109","Case-15","Description Hypothesis","nstemi","1.0","73","39.73","EF"
"109","Case-15","EKG Hypothesis","normaal ecg","1.0","82","33.82","EF"
"109","Case-16","Description Hypothesis","nstemi","1.0","68","29.65","EF"
"109","Case-16","EKG Hypothesis","panischemie","1.0","73","55.79","EF"
"109","Case-17","Description Hypothesis","tako tsubo danwel nstemi","0.5","58","41.94","EF"
"109","Case-17","EKG Hypothesis","nstemi","0.5","75","26.50","EF"
"109","Case-19","Description Hypothesis","nstemi","1.0","62","33.94","EF"
"109","Case-19","EKG Hypothesis","normaal ecg","0.0","56","41.58","EF"
"110","Case-01","Description Hypothesis","acs","1.0","43","70.84","EF"
"110","Case-01","EKG Hypothesis","doorgemaakt ischemie","1.0","30","103.07","EF"
"110","Case-02","Description Hypothesis","gastritis of reflux","1.0","74","41.45","EF"
"110","Case-02","EKG Hypothesis","pericarditis","1.0","71","94.01","EF"
"110","Case-03","Description Hypothesis","nonspecifieke thoracale pijn","1.0","80","34.36","EF"
"110","Case-03","EKG Hypothesis","acs","0.0","40","42.41","EF"
"110","Case-07","Description Hypothesis","pericarditis","1.0","89","22.86","EF"
"110","Case-07","EKG Hypothesis","acs","0.0","46","46.95","EF"
"110","Case-08","Description Hypothesis","acs","1.0","65","28.24","EF"
"110","Case-08","EKG Hypothesis","hyperttensie","0.0","65","51.53","EF"
"110","Case-09","Description Hypothesis","ischemie","1.0","38","40.39","EF"
"110","Case-09","EKG Hypothesis","pulmonale belasting","0.5","40","148.10","EF"
"110","Case-12","Description Hypothesis","niet cardiaal","1.0","79","66.97","EF"
"110","Case-12","EKG Hypothesis","normaal","1.0","93","62.69","EF"
"110","Case-13","Description Hypothesis","acs","1.0","90","32.91","EF"
"110","Case-13","EKG Hypothesis","acs","1.0","42","53.11","EF"
"110","Case-15","Description Hypothesis","acs","1.0","94","39.73","EF"
"110","Case-15","EKG Hypothesis","normaal ecg","1.0","74","33.82","EF"
"110","Case-16","Description Hypothesis","acs","1.0","80","29.65","EF"
"110","Case-16","EKG Hypothesis","als 3vd","1.0","76","55.79","EF"
"110","Case-17","Description Hypothesis","takotsubo","0.5","86","41.94","EF"
"110","Case-17","EKG Hypothesis","strain","0.5","72","26.50","EF"
"110","Case-19","Description Hypothesis","viraal infect","0.0","67","33.94","EF"
"110","Case-19","EKG Hypothesis","hypertensie","0.0","75","41.58","EF"
"111","Case-01","Description Hypothesis","ischemie","1.0","70","49.76","EF"
"111","Case-01","EKG Hypothesis","doorgemaakte ischemie ipl gebied","0.5","80","186.84","EF"
"111","Case-02","Description Hypothesis","gastrointestinale klachten","1.0","70","48.45","EF"
"111","Case-02","EKG Hypothesis","pericarditis","1.0","69","26.00","EF"
"111","Case-03","Description Hypothesis","hyperventilatie","1.0","30","83.19","EF"
"111","Case-03","EKG Hypothesis","infarct","0.0","37","57.45","EF"
"111","Case-07","Description Hypothesis","pericarditis","1.0","76","45.67","EF"
"111","Case-07","EKG Hypothesis","pericarditis","1.0","45","50.67","EF"
"111","Case-08","Description Hypothesis","acs","1.0","59","31.18","EF"
"111","Case-08","EKG Hypothesis","strain","0.0","50","37.86","EF"
"111","Case-09","Description Hypothesis","ischemie","1.0","50","70.63","EF"
"111","Case-09","EKG Hypothesis","longembolie","0.5","40","90.90","EF"
"111","Case-12","Description Hypothesis","viraal infect","0.5","70","136.08","EF"
"111","Case-12","EKG Hypothesis","normaal","1.0","70","42.75","EF"
"111","Case-13","Description Hypothesis","ischemie","1.0","85","25.29","EF"
"111","Case-13","EKG Hypothesis","ischemie","1.0","80","17.06","EF"
"111","Case-15","Description Hypothesis","acs","1.0","97","32.85","EF"
"111","Case-15","EKG Hypothesis","normaal","0.0","90","30.22","EF"
"111","Case-16","Description Hypothesis","ischemie","1.0","81","26.90","EF"
"111","Case-16","EKG Hypothesis","eerstegraads av blok","0.5","70","42.72","EF"
"111","Case-17","Description Hypothesis","raktakotsubo","0.5","56","119.13","EF"
"111","Case-17","EKG Hypothesis","acs","0.5","90","24.92","EF"
"111","Case-19","Description Hypothesis","infectie","0.0","49","59.03","EF"
"111","Case-19","EKG Hypothesis","longprobleem","0.0","80","12.09","EF"
"112","Case-01","Description Hypothesis","instabiele ap","1.0","23","420.38","EF"
"112","Case-01","EKG Hypothesis","diffuus vlakke st segmenten","0.5","38","53.86","EF"
"112","Case-02","Description Hypothesis","atypische thoracale pijn, niet verdacht voor cardiale ischemie","1.0","81","130.49","EF"
"112","Case-02","EKG Hypothesis","niet evident afwijkend ecg, vroege repolarisatie, mogelijk pta depressie","0.5","55","130.42","EF"
"112","Case-03","Description Hypothesis","atypische thoracale pijn","1.0","73","41.08","EF"
"112","Case-03","EKG Hypothesis","diffuus iets opgetrokken st segmenten, mogelijk pericarditis","0.5","18","69.64","EF"
"112","Case-07","Description Hypothesis","pericarditis","1.0","72","61.27","EF"
"112","Case-07","EKG Hypothesis","st elevaties inferior en anterior","0.0","49","123.81","EF"
"112","Case-08","Description Hypothesis","ischemie","1.0","73","44.24","EF"
"112","Case-08","EKG Hypothesis","stemi","0.5","67","68.01","EF"
"113","Case-01","Description Hypothesis","inferolateraal negatieve ts en minimale st depressie (geen oud ecg), verdenking nstemi, stenose plcx restenose rca","0.5","63","86.60","EF"
"113","Case-01","EKG Hypothesis","inferolateraal negatieve ts en minimale st depressie (geen oud ecg), verdenking nstemi, stenose plcx restenose rca","0.5","74","466.16","EF"
"113","Case-02","Description Hypothesis","nog steeds verdenking acs, opnieuw ecg maken om te zien of het dynamisch is, troponines","0.0","63","108.83","EF"
"113","Case-02","EKG Hypothesis","indien neg, vroege repolarisatie","0.0","70","91.66","EF"
"113","Case-03","Description Hypothesis","vroege repolarisatie, acs nog niet uitgesloten","1.0","62","41.76","EF"
"113","Case-03","EKG Hypothesis","stemi ipl","0.0","71","31.61","EF"
"113","Case-07","Description Hypothesis","stemi ipl","0.0","69","19.76","EF"
"113","Case-07","EKG Hypothesis","acs, verdenking stemi ipl","0.0","63","53.79","EF"
"113","Case-08","Description Hypothesis","acs, cardiomypathie","1.0","59","56.12","EF"
"113","Case-08","EKG Hypothesis","komvormige st depressie inferolateraal, kan passen digoxine intoxicatie, acs nog niet uitgesloten","0.0","41","121.56","EF"
"115","Case-01","Description Hypothesis","nstemi","1.0","73","52.30","EF"
"115","Case-01","EKG Hypothesis","nstemi","1.0","61","142.05","EF"
"115","Case-02","Description Hypothesis","stemi inferior","0.0","62","123.96","EF"
"115","Case-02","EKG Hypothesis","stemi inferior","0.0","71","42.42","EF"
"115","Case-03","Description Hypothesis","atypische pob (tendomyogeen)","1.0","76","73.97","EF"
"115","Case-03","EKG Hypothesis","pericarditis","0.5","68","60.69","EF"
"115","Case-07","Description Hypothesis","pericarditis","1.0","89","29.55","EF"
"115","Case-07","EKG Hypothesis","pericarditis","1.0","79","44.86","EF"
"115","Case-12","Description Hypothesis","nstemi","0.0","62","41.46","EF"
"115","Case-12","EKG Hypothesis","acs","0.0","18","45.04","EF"
"115","Case-13","Description Hypothesis","nstemi","1.0","68","77.51","EF"
"115","Case-13","EKG Hypothesis","rv hypertrofie","0.0","32","44.33","EF"
"115","Case-15","Description Hypothesis","stemi","0.0","100","45.16","EF"
"115","Case-15","EKG Hypothesis","acs","1.0","24","54.90","EF"
"115","Case-16","Description Hypothesis","nstemi","1.0","69","30.64","EF"
"115","Case-16","EKG Hypothesis","nstemi","1.0","22","100.45","EF"
"116","Case-01","Description Hypothesis","nstemi bij vg van oud inferoposterior infarct","1.0","85","152.09","EF"
"116","Case-01","EKG Hypothesis","oud infero-posterior infarct","1.0","70","118.94","EF"
"116","Case-02","Description Hypothesis","stemi","0.0","84","50.02","EF"
"116","Case-02","EKG Hypothesis","stemi inferior","0.0","70","70.07","EF"
"116","Case-03","Description Hypothesis","tendomyogeen (vroege repolarisatie)","1.0","70","52.96","EF"
"116","Case-03","EKG Hypothesis","pericarditis","0.5","59","54.40","EF"
"116","Case-07","Description Hypothesis","pericarditis","1.0","96","28.96","EF"
"116","Case-07","EKG Hypothesis","pericarditis","1.0","85","36.50","EF"
"116","Case-08","Description Hypothesis","panischemie (elevatie avr)","0.5","80","43.82","EF"
"116","Case-08","EKG Hypothesis","panischemie","0.5","70","89.79","EF"
"116","Case-09","Description Hypothesis","tachycardie bij lwi/pneumonie","0.0","70","90.73","EF"
"116","Case-09","EKG Hypothesis","sinustach, rechteras, le?","0.5","55","103.00","EF"
"116","Case-12","Description Hypothesis","klachten bij conversie van af naar sr","0.5","75","99.21","EF"
"116","Case-12","EKG Hypothesis","gb","1.0","55","57.61","EF"
"116","Case-13","Description Hypothesis","nstemi","1.0","80","32.83","EF"
"116","Case-13","EKG Hypothesis","nstemi (neg t inf)","1.0","70","55.83","EF"
"116","Case-15","Description Hypothesis","nstemi","1.0","77","58.47","EF"
"116","Case-15","EKG Hypothesis","gb","0.0","60","26.95","EF"
"116","Case-16","Description Hypothesis","nstemi","1.0","85","36.39","EF"
"116","Case-16","EKG Hypothesis","oud inf infarct en nstemi","0.5","65","48.28","EF"
"116","Case-17","Description Hypothesis","nstemi","0.5","80","44.04","EF"
"116","Case-17","EKG Hypothesis","kort pr interval en nstemi","0.0","69","47.32","EF"
"116","Case-19","Description Hypothesis","nstemi","1.0","80","32.10","EF"
"116","Case-19","EKG Hypothesis","preexcitatie (v2)","0.0","66","43.09","EF"
"61","Case-01","Description Hypothesis","acs","1.0","60","116.29","DF"
"61","Case-01","EKG Hypothesis","nstemi","1.0","85","44.17","DF"
"61","Case-02","Description Hypothesis","gastrointestinal","1.0","85","102.18","DF"
"61","Case-02","EKG Hypothesis","gastrointestinal","1.0","65","101.37","DF"
"61","Case-03","Description Hypothesis","tendomyogenic","1.0","85","81.42","DF"
"61","Case-03","EKG Hypothesis","tendomyogenic","1.0","85","31.00","DF"
"61","Case-07","Description Hypothesis","pericarditis","1.0","50","67.92","DF"
"61","Case-07","EKG Hypothesis","pericarditis","1.0","91","34.73","DF"
"61","Case-08","Description Hypothesis","acs","1.0","70","49.27","DF"
"61","Case-08","EKG Hypothesis","acs","1.0","90","33.66","DF"
"61","Case-09","Description Hypothesis","acs","1.0","75","67.40","DF"
"61","Case-09","EKG Hypothesis","acs","1.0","84","36.09","DF"
"61","Case-12","Description Hypothesis","afib","0.5","50","148.74","DF"
"61","Case-12","EKG Hypothesis","transient tachycardia","0.5","60","58.12","DF"
"61","Case-13","Description Hypothesis","acs","1.0","81","36.46","DF"
"61","Case-13","EKG Hypothesis","acs","1.0","90","37.14","DF"
"61","Case-15","Description Hypothesis","acs","1.0","89","43.97","DF"
"61","Case-15","EKG Hypothesis","acs","1.0","90","15.16","DF"
"61","Case-16","Description Hypothesis","acs","1.0","80","51.14","DF"
"61","Case-16","EKG Hypothesis","acs 3vd","1.0","89","23.69","DF"
"61","Case-17","Description Hypothesis","hyperventilation","0.0","61","81.19","DF"
"61","Case-17","EKG Hypothesis","acs","0.5","80","19.97","DF"
"61","Case-19","Description Hypothesis","acs","1.0","72","50.71","DF"
"61","Case-19","EKG Hypothesis","acs","1.0","80","24.21","DF"
"62","Case-01","Description Hypothesis","acs","1.0","71","69.47","DF"
"62","Case-01","EKG Hypothesis","doorgemaakt ip infarct. st depressie lateraal.. dd maag","0.5","72","86.16","DF"
"62","Case-02","Description Hypothesis","maagklachten","1.0","73","45.87","DF"
"62","Case-02","EKG Hypothesis","geen acs.. maagklachten","1.0","85","18.30","DF"
"62","Case-03","Description Hypothesis","hyperventilatie","1.0","72","26.38","DF"
"62","Case-03","EKG Hypothesis","hyperventilatie.. dd le danwel costomyogeen; geen acd","1.0","82","41.53","DF"
"62","Case-07","Description Hypothesis","pericarditis","1.0","75","31.71","DF"
"62","Case-07","EKG Hypothesis","pericarditis","1.0","90","17.48","DF"
"62","Case-08","Description Hypothesis","iap","1.0","75","31.14","DF"
"62","Case-08","EKG Hypothesis","iap: proximale lad letsel","1.0","98","39.35","DF"
"62","Case-09","Description Hypothesis","pleuritis bij pneumonie","0.0","76","87.01","DF"
"62","Case-09","EKG Hypothesis","pericarditis/pleuritis; geen acs; slecht ecg","0.0","72","78.04","DF"
"62","Case-12","Description Hypothesis","acs","0.0","60","45.28","DF"
"62","Case-12","EKG Hypothesis","acs dd gastro","0.0","57","40.63","DF"
"62","Case-13","Description Hypothesis","acs","1.0","73","18.51","DF"
"62","Case-13","EKG Hypothesis","geen acs ecg.. markers afwachten","0.5","43","56.08","DF"
"62","Case-15","Description Hypothesis","iap","1.0","85","18.68","DF"
"62","Case-15","EKG Hypothesis","iap","1.0","85","12.06","DF"
"62","Case-16","Description Hypothesis","acs","1.0","72","62.44","DF"
"62","Case-16","EKG Hypothesis","acs met panischemie ecg dd 3vd dd hoofdstam","1.0","80","35.07","DF"
"62","Case-17","Description Hypothesis","gastro intestinaal/spanning","0.0","71","40.63","DF"
"62","Case-17","EKG Hypothesis","gastro intestinaal / spanning: ecg lvh","0.0","77","63.32","DF"
"62","Case-19","Description Hypothesis","acs","1.0","80","25.08","DF"
"62","Case-19","EKG Hypothesis","nstemi.. doorgemaakt posterior infarct op ecg..","0.5","72","75.37","DF"
"63","Case-01","Description Hypothesis","reflux","0.0","27","148.21","DF"
"63","Case-01","EKG Hypothesis","nstemi","1.0","39","41.93","DF"
"63","Case-02","Description Hypothesis","gastritis","1.0","33","40.38","DF"
"63","Case-02","EKG Hypothesis","gastritis","1.0","57","40.66","DF"
"63","Case-03","Description Hypothesis","tendomyogeen","1.0","35","93.44","DF"
"63","Case-03","EKG Hypothesis","tendomyogeen","1.0","41","48.95","DF"
"63","Case-07","Description Hypothesis","tendomyogeen","0.0","23","77.78","DF"
"63","Case-07","EKG Hypothesis","pericarditis","1.0","38","73.92","DF"
"63","Case-08","Description Hypothesis","acs","1.0","60","69.13","DF"
"63","Case-08","EKG Hypothesis","acs","1.0","49","55.14","DF"
"63","Case-09","Description Hypothesis","acs","1.0","49","52.61","DF"
"63","Case-09","EKG Hypothesis","acs","1.0","56","57.77","DF"
"63","Case-12","Description Hypothesis","af","0.5","51","90.75","DF"
"63","Case-12","EKG Hypothesis",".","0.0","35","27.44","DF"
"63","Case-13","Description Hypothesis","acs","1.0","42","40.52","DF"
"63","Case-13","EKG Hypothesis","acs","1.0","41","35.30","DF"
"63","Case-15","Description Hypothesis","acs","1.0","62","82.10","DF"
"63","Case-15","EKG Hypothesis","acs","1.0","48","22.19","DF"
"63","Case-16","Description Hypothesis","acs","1.0","25","116.77","DF"
"63","Case-16","EKG Hypothesis","acs","1.0","55","29.47","DF"
"63","Case-17","Description Hypothesis","acs","0.5","16","195.16","DF"
"63","Case-17","EKG Hypothesis","acs","0.5","41","8.88","DF"
"63","Case-19","Description Hypothesis","acs","1.0","46","43.49","DF"
"63","Case-19","EKG Hypothesis","acs","1.0","33","21.19","DF"
"64","Case-01","Description Hypothesis","gastritis","0.0","96","30.43","DF"
"64","Case-01","EKG Hypothesis","acs","1.0","58","21.91","DF"
"64","Case-02","Description Hypothesis","gastritis","1.0","69","53.01","DF"
"64","Case-02","EKG Hypothesis","gatritis","1.0","79","46.45","DF"
"64","Case-03","Description Hypothesis","costomyogeen","1.0","99","34.72","DF"
"64","Case-03","EKG Hypothesis","costomyogeen","1.0","100","7.58","DF"
"64","Case-09","Description Hypothesis","acs","1.0","80","47.86","DF"
"64","Case-09","EKG Hypothesis","costomyogeen","0.0","24","77.67","DF"
"64","Case-12","Description Hypothesis","vasovagaal","0.5","95","48.47","DF"
"64","Case-12","EKG Hypothesis","vadovagaal","0.5","99","19.52","DF"
"64","Case-13","Description Hypothesis","oesodagusspasme","0.0","76","53.57","DF"
"64","Case-13","EKG Hypothesis","iap","1.0","85","33.62","DF"
"64","Case-15","Description Hypothesis","acs","1.0","100","37.99","DF"
"64","Case-15","EKG Hypothesis","acs","1.0","67","38.03","DF"
"64","Case-16","Description Hypothesis","acs","1.0","90","325.18","DF"
"64","Case-16","EKG Hypothesis","acs","1.0","89","8.57","DF"
"64","Case-17","Description Hypothesis","gastritis","0.0","90","71.27","DF"
"64","Case-17","EKG Hypothesis","acs","0.5","61","24.24","DF"
"65","Case-01","Description Hypothesis","recidief infarct","1.0","50","122.52","DF"
"65","Case-01","EKG Hypothesis","nstemi","1.0","50","52.24","DF"
"65","Case-02","Description Hypothesis","gastro-intestinale klachten","1.0","70","87.20","DF"
"65","Case-02","EKG Hypothesis","gastro intestinaal","1.0","48","95.15","DF"
"65","Case-03","Description Hypothesis","hyperventilatie","1.0","65","84.90","DF"
"65","Case-03","EKG Hypothesis","pericarditis","0.5","55","49.92","DF"
"65","Case-07","Description Hypothesis","pericarditis / pleuritis","1.0","60","65.28","DF"
"65","Case-07","EKG Hypothesis","stemi","0.0","41","79.40","DF"
"65","Case-08","Description Hypothesis","myocardinfarct","1.0","75","83.51","DF"
"65","Case-08","EKG Hypothesis","3 vatslijden of hs stenose","0.5","60","78.06","DF"
"65","Case-09","Description Hypothesis","postinfarct hartfalen/ap","0.5","61","58.35","DF"
"65","Case-09","EKG Hypothesis","doorgemaakt il infarct","0.0","70","87.63","DF"
"65","Case-12","Description Hypothesis","type 2 ischemie bij af met bijkomend conversiepauzes","0.0","58","117.63","DF"
"65","Case-12","EKG Hypothesis","recidief af met conversie","0.5","51","66.61","DF"
"65","Case-13","Description Hypothesis","doorgemaakt infarxt","0.0","57","78.13","DF"
"65","Case-13","EKG Hypothesis","nstemi","1.0","55","29.70","DF"
"65","Case-15","Description Hypothesis","recidief infarct","1.0","63","33.99","DF"
"65","Case-15","EKG Hypothesis","nstemi","1.0","38","33.96","DF"
"65","Case-16","Description Hypothesis","recidief infarct","0.5","48","47.66","DF"
"65","Case-16","EKG Hypothesis","in stent probleem","0.5","54","51.16","DF"
"65","Case-17","Description Hypothesis","hyperventilatie","0.0","53","59.81","DF"
"65","Case-17","EKG Hypothesis","nstemi","0.5","66","49.00","DF"
"65","Case-19","Description Hypothesis","iap","1.0","39","47.97","DF"
"65","Case-19","EKG Hypothesis","slokdarmspasme","0.0","57","26.87","DF"
"66","Case-01","Description Hypothesis","acs","1.0","78","71.30","DF"
"66","Case-01","EKG Hypothesis","acs","1.0","94","27.49","DF"
"66","Case-02","Description Hypothesis","maagklachten","1.0","60","104.28","DF"
"66","Case-02","EKG Hypothesis","maagklachten","1.0","68","36.82","DF"
"66","Case-03","Description Hypothesis","pericarditis","0.5","71","79.73","DF"
"66","Case-03","EKG Hypothesis","pericarditis","0.5","75","22.77","DF"
"66","Case-07","Description Hypothesis","pericarditis","1.0","85","52.99","DF"
"66","Case-07","EKG Hypothesis","pericarditis","1.0","90","30.56","DF"
"66","Case-08","Description Hypothesis","instabiele ap","1.0","72","44.80","DF"
"66","Case-08","EKG Hypothesis","acs","1.0","90","29.93","DF"
"66","Case-09","Description Hypothesis","acs","1.0","70","41.33","DF"
"66","Case-09","EKG Hypothesis","acs","1.0","34","95.31","DF"
"66","Case-12","Description Hypothesis","snel af","0.5","35","227.96","DF"
"66","Case-12","EKG Hypothesis","paroxysme af","0.5","23","65.92","DF"
"66","Case-13","Description Hypothesis","acs","1.0","69","23.28","DF"
"66","Case-13","EKG Hypothesis","acs","1.0","81","25.01","DF"
"66","Case-15","Description Hypothesis","acs","1.0","75","32.53","DF"
"66","Case-15","EKG Hypothesis","acs","1.0","70","28.17","DF"
"66","Case-16","Description Hypothesis","acs","1.0","58","69.63","DF"
"66","Case-16","EKG Hypothesis","acs","1.0","75","55.68","DF"
"66","Case-17","Description Hypothesis","slokdarmspasme","0.0","43","81.01","DF"
"66","Case-17","EKG Hypothesis","acs","0.5","68","31.93","DF"
"66","Case-19","Description Hypothesis","iap","1.0","68","36.09","DF"
"66","Case-19","EKG Hypothesis","iap","1.0","60","23.56","DF"
"67","Case-01","Description Hypothesis","acs","1.0","70","107.35","DF"
"67","Case-01","EKG Hypothesis","acs","1.0","90","32.71","DF"
"67","Case-02","Description Hypothesis","maagklachten","1.0","57","119.56","DF"
"67","Case-02","EKG Hypothesis","maagklachten","1.0","65","11.64","DF"
"67","Case-07","Description Hypothesis","pericarditis","1.0","64","25.92","DF"
"67","Case-07","EKG Hypothesis","pericarditis","1.0","90","13.13","DF"
"67","Case-08","Description Hypothesis","acs","1.0","52","30.68","DF"
"67","Case-08","EKG Hypothesis","acs","1.0","91","15.42","DF"
"67","Case-09","Description Hypothesis","acs","1.0","28","65.92","DF"
"67","Case-09","EKG Hypothesis","acs","1.0","38","105.71","DF"
"67","Case-12","Description Hypothesis","acs","0.0","37","93.41","DF"
"67","Case-12","EKG Hypothesis","costomyalgeen","0.0","34","33.74","DF"
"67","Case-13","Description Hypothesis","costomyalgeen","0.0","51","24.39","DF"
"67","Case-13","EKG Hypothesis","acs","1.0","71","33.30","DF"
"67","Case-15","Description Hypothesis","acs","1.0","80","43.24","DF"
"67","Case-15","EKG Hypothesis","acs","1.0","70","16.96","DF"
"67","Case-16","Description Hypothesis","ap","1.0","53","60.28","DF"
"67","Case-16","EKG Hypothesis","acs","1.0","65","33.14","DF"
"67","Case-17","Description Hypothesis","hyperventilatie","0.0","52","41.07","DF"
"67","Case-17","EKG Hypothesis","acs","0.5","75","20.88","DF"
"67","Case-19","Description Hypothesis","acs","1.0","59","42.85","DF"
"67","Case-19","EKG Hypothesis","acs","1.0","55","17.55","DF"
"68","Case-01","Description Hypothesis","nstemi","1.0","50","48.85","DF"
"68","Case-01","EKG Hypothesis","nstemi","1.0","60","29.38","DF"
"68","Case-02","Description Hypothesis","gastro intestinaal","1.0","52","67.66","DF"
"68","Case-02","EKG Hypothesis","gi","1.0","72","20.99","DF"
"68","Case-03","Description Hypothesis","hyperventilatie","1.0","85","36.02","DF"
"68","Case-03","EKG Hypothesis","hyperventilatie","1.0","79","24.91","DF"
"68","Case-07","Description Hypothesis","pericarditis","1.0","55","23.72","DF"
"68","Case-07","EKG Hypothesis","pericarditis","1.0","88","20.60","DF"
"68","Case-08","Description Hypothesis","myocardinfarct","1.0","71","29.79","DF"
"68","Case-08","EKG Hypothesis","nstemi","1.0","95","33.81","DF"
"68","Case-09","Description Hypothesis","pyrosis","0.0","25","95.00","DF"
"68","Case-09","EKG Hypothesis","pyrosis","0.0","29","63.95","DF"
"68","Case-12","Description Hypothesis","myocardinfarct","0.0","36","87.33","DF"
"68","Case-12","EKG Hypothesis","myocardinfarct","0.0","26","18.94","DF"
"68","Case-13","Description Hypothesis","instabiele angina pectoris","1.0","56","57.46","DF"
"68","Case-13","EKG Hypothesis","iap","1.0","57","15.37","DF"
"68","Case-15","Description Hypothesis","myocardinfarct","1.0","43","84.25","DF"
"68","Case-15","EKG Hypothesis","myocardinfarct","1.0","44","31.47","DF"
"68","Case-16","Description Hypothesis","angina pectoris","1.0","62","48.80","DF"
"68","Case-16","EKG Hypothesis","angina pectoris","1.0","43","28.88","DF"
"68","Case-17","Description Hypothesis","pyrosis","0.0","60","122.25","DF"
"68","Case-17","EKG Hypothesis","pyrosis","0.0","26","19.78","DF"
"68","Case-19","Description Hypothesis","myocardinfarct","1.0","28","58.10","DF"
"68","Case-19","EKG Hypothesis","myocardinfarct","1.0","37","27.78","DF"
"69","Case-01","Description Hypothesis","nstemi","1.0","45","156.80","DF"
"69","Case-01","EKG Hypothesis","nstemi","1.0","75","68.24","DF"
"69","Case-02","Description Hypothesis","maagklachten","1.0","68","64.36","DF"
"69","Case-02","EKG Hypothesis","maagklachten","1.0","70","38.84","DF"
"69","Case-03","Description Hypothesis","hvs/ musculoskeletaal","1.0","78","56.31","DF"
"69","Case-03","EKG Hypothesis","hvs/ musculoskeletaal","1.0","81","60.46","DF"
"69","Case-07","Description Hypothesis","musculoskeletaal","0.0","65","53.77","DF"
"69","Case-07","EKG Hypothesis","pericarditis","1.0","65","61.30","DF"
"69","Case-08","Description Hypothesis","iap","1.0","74","75.33","DF"
"69","Case-08","EKG Hypothesis","nstemi","1.0","75","68.40","DF"
"69","Case-09","Description Hypothesis","ambulant doorgemaakt infarct/ nstemi","0.5","58","86.62","DF"
"69","Case-09","EKG Hypothesis","iap","1.0","64","106.29","DF"
"69","Case-12","Description Hypothesis","symptomatisch af","0.5","66","109.93","DF"
"69","Case-12","EKG Hypothesis","acs","0.0","33","77.19","DF"
"69","Case-13","Description Hypothesis","iap/ nstemi","1.0","54","46.07","DF"
"69","Case-13","EKG Hypothesis","nstemi","1.0","67","50.02","DF"
"69","Case-15","Description Hypothesis","acs","1.0","77","95.00","DF"
"69","Case-15","EKG Hypothesis","acs","1.0","40","86.29","DF"
"70","Case-01","Description Hypothesis","reflux","0.0","38","122.53","DF"
"70","Case-01","EKG Hypothesis","nstemi","1.0","25","89.69","DF"
"70","Case-02","Description Hypothesis","pyrosis","1.0","70","67.04","DF"
"70","Case-02","EKG Hypothesis","reflex","1.0","50","42.20","DF"
"70","Case-03","Description Hypothesis","costomyalgeen","1.0","35","100.51","DF"
"70","Case-03","EKG Hypothesis","costomyalgeen","1.0","33","24.94","DF"
"70","Case-07","Description Hypothesis","costomyalgeen","0.0","34","77.74","DF"
"70","Case-07","EKG Hypothesis","pericarditis","1.0","50","48.25","DF"
"70","Case-08","Description Hypothesis","pericarditis","0.0","89","15.02","DF"
"70","Case-08","EKG Hypothesis","pericarditis","0.0","52","53.53","DF"
"70","Case-09","Description Hypothesis","costomyalgeen","0.0","12","78.54","DF"
"70","Case-09","EKG Hypothesis","infarct","0.5","16","41.03","DF"
"70","Case-12","Description Hypothesis","ritme/geleiding","0.0","10","136.44","DF"
"70","Case-12","EKG Hypothesis","nstemi","0.0","0","28.67","DF"
"70","Case-13","Description Hypothesis","acs","1.0","23","46.97","DF"
"70","Case-13","EKG Hypothesis","acs","1.0","23","30.15","DF"
"70","Case-15","Description Hypothesis","nstemi","1.0","51","53.18","DF"
"70","Case-15","EKG Hypothesis","acs","1.0","35","34.65","DF"
"70","Case-16","Description Hypothesis","acs","1.0","36","66.95","DF"
"70","Case-16","EKG Hypothesis","pericarditis","0.0","13","36.95","DF"
"70","Case-17","Description Hypothesis","stress","0.5","20","48.11","DF"
"70","Case-17","EKG Hypothesis","acs","0.5","72","16.72","DF"
"70","Case-19","Description Hypothesis","acs","1.0","63","38.09","DF"
"70","Case-19","EKG Hypothesis","acs","1.0","35","21.79","DF"
"71","Case-01","Description Hypothesis","reflux dd acs","0.0","71","215.43","DF"
"71","Case-01","EKG Hypothesis","acs","1.0","70","29.54","DF"
"71","Case-02","Description Hypothesis","maagklachten","1.0","97","40.52","DF"
"71","Case-02","EKG Hypothesis","maagklachten","1.0","78","44.90","DF"
"71","Case-03","Description Hypothesis","hyperventilatie","1.0","68","185.94","DF"
"71","Case-03","EKG Hypothesis","hyperventilatie","1.0","65","19.03","DF"
"71","Case-07","Description Hypothesis","pericaridits","1.0","64","41.62","DF"
"71","Case-07","EKG Hypothesis","pericarditis","1.0","66","17.70","DF"
"71","Case-08","Description Hypothesis","acs","1.0","71","34.01","DF"
"71","Case-08","EKG Hypothesis","acs","1.0","90","23.45","DF"
"71","Case-09","Description Hypothesis","acs","1.0","77","29.66","DF"
"71","Case-09","EKG Hypothesis","acs","1.0","91","29.22","DF"
"71","Case-12","Description Hypothesis","svt","0.5","68","90.63","DF"
"71","Case-12","EKG Hypothesis","svt","0.5","88","24.15","DF"
"71","Case-13","Description Hypothesis","acs","1.0","73","55.59","DF"
"71","Case-13","EKG Hypothesis","acs","1.0","87","19.81","DF"
"71","Case-15","Description Hypothesis","acs","1.0","100","32.45","DF"
"71","Case-15","EKG Hypothesis","acs","1.0","71","16.87","DF"
"71","Case-16","Description Hypothesis","acs","1.0","74","77.05","DF"
"71","Case-16","EKG Hypothesis","panischemie","1.0","87","45.95","DF"
"71","Case-17","Description Hypothesis","stress","0.5","84","49.81","DF"
"71","Case-17","EKG Hypothesis","cardiale ischemie","0.5","73","35.62","DF"
"71","Case-19","Description Hypothesis","gastritis","0.0","73","31.71","DF"
"71","Case-19","EKG Hypothesis","gastritis","0.0","90","20.00","DF"
"72","Case-01","Description Hypothesis","nste-acs","1.0","40","25.34","DF"
"72","Case-01","EKG Hypothesis","nste-acs","1.0","40","10.04","DF"
"72","Case-03","Description Hypothesis","costomyalgene pijn","1.0","80","64.07","DF"
"72","Case-03","EKG Hypothesis","geen acs","1.0","80","49.73","DF"
"72","Case-07","Description Hypothesis","pericarditis","1.0","31","59.78","DF"
"72","Case-07","EKG Hypothesis","pericarditis","1.0","80","36.55","DF"
"72","Case-08","Description Hypothesis","angina pectoris","1.0","60","75.92","DF"
"72","Case-08","EKG Hypothesis","nste-acs","1.0","81","60.39","DF"
"72","Case-09","Description Hypothesis","luchtweginfectie","0.0","50","125.82","DF"
"72","Case-09","EKG Hypothesis","luchtweginfectie","0.0","60","89.79","DF"
"72","Case-12","Description Hypothesis","adpecifieke thoracale pijn","1.0","31","143.65","DF"
"72","Case-12","EKG Hypothesis","adpecifieke thoracale pijn","1.0","50","24.95","DF"
"72","Case-13","Description Hypothesis","angina pectoris","0.5","41","47.88","DF"
"72","Case-13","EKG Hypothesis","ancona pectoris","0.5","62","42.28","DF"
"72","Case-15","Description Hypothesis","acs","1.0","69","88.81","DF"
"72","Case-15","EKG Hypothesis","nste-acs","1.0","55","10.96","DF"
"72","Case-16","Description Hypothesis","angina pectoris","1.0","73","67.35","DF"
"72","Case-16","EKG Hypothesis","nste-acs","1.0","57","21.95","DF"
"72","Case-17","Description Hypothesis","aspecifieke thoracale pijn","1.0","52","50.32","DF"
"72","Case-17","EKG Hypothesis","nste-acs","0.5","56","11.42","DF"
"72","Case-19","Description Hypothesis","nste-acs","1.0","34","24.49","DF"
"72","Case-19","EKG Hypothesis","nste-acs","1.0","19","10.49","DF"
"73","Case-01","Description Hypothesis","nste-acs","1.0","43","151.43","DF"
"73","Case-01","EKG Hypothesis","nste-acs","1.0","60","38.10","DF"
"73","Case-02","Description Hypothesis","pyrosis","1.0","59","49.35","DF"
"73","Case-02","EKG Hypothesis","pyrosis/reflux","1.0","70","58.55","DF"
"73","Case-03","Description Hypothesis","hyperventilatie","1.0","62","37.49","DF"
"73","Case-03","EKG Hypothesis","hyperventilatie","1.0","70","48.77","DF"
"73","Case-07","Description Hypothesis","pericarditis","1.0","70","26.10","DF"
"73","Case-07","EKG Hypothesis","pericarditis","1.0","90","29.45","DF"
"73","Case-08","Description Hypothesis","iap","1.0","65","40.35","DF"
"73","Case-08","EKG Hypothesis","nste-acs","1.0","70","54.12","DF"
"73","Case-09","Description Hypothesis","nste-acs","1.0","50","67.36","DF"
"73","Case-09","EKG Hypothesis","stemi","0.0","90","63.07","DF"
"73","Case-12","Description Hypothesis","reflux","0.0","40","123.97","DF"
"73","Case-12","EKG Hypothesis","reflux","0.0","70","39.34","DF"
"73","Case-13","Description Hypothesis","ap","0.5","61","83.30","DF"
"73","Case-13","EKG Hypothesis","ap","0.5","60","43.17","DF"
"73","Case-15","Description Hypothesis","infarct","1.0","61","63.64","DF"
"73","Case-15","EKG Hypothesis","nste-acs","1.0","52","51.45","DF"
"73","Case-16","Description Hypothesis","iap","1.0","50","48.57","DF"
"73","Case-16","EKG Hypothesis","nste-acs panischemie","1.0","80","36.87","DF"
"73","Case-17","Description Hypothesis","stress","0.5","50","57.86","DF"
"73","Case-17","EKG Hypothesis","tako tsubo","0.5","61","25.76","DF"
"73","Case-19","Description Hypothesis","acs","1.0","61","58.84","DF"
"73","Case-19","EKG Hypothesis","nste-acs","1.0","75","25.23","DF"
"75","Case-01","Description Hypothesis","acs-nstemi","1.0","21","119.38","DF"
"75","Case-01","EKG Hypothesis","acs-nsteni","1.0","60","61.45","DF"
"75","Case-02","Description Hypothesis","reflux/ maagklachten","1.0","40","114.33","DF"
"75","Case-02","EKG Hypothesis","reflux/maagklachten","1.0","61","82.80","DF"
"75","Case-03","Description Hypothesis","tendomyalgeen","1.0","81","66.98","DF"
"75","Case-03","EKG Hypothesis","tendomyalgeen","1.0","80","37.89","DF"
"75","Case-07","Description Hypothesis","pericarditis","1.0","61","47.11","DF"
"75","Case-07","EKG Hypothesis","pericarditis","1.0","81","47.87","DF"
"75","Case-08","Description Hypothesis","acs","1.0","100","55.03","DF"
"75","Case-08","EKG Hypothesis","acs-nstemi","1.0","100","43.32","DF"
"75","Case-09","Description Hypothesis","pneumothorax","0.0","30","42.79","DF"
"75","Case-09","EKG Hypothesis","stemi lateraal","0.5","100","51.95","DF"
"75","Case-12","Description Hypothesis","reflux/ maagklachten","0.0","81","60.45","DF"
"75","Case-12","EKG Hypothesis","reflux/maagklachten","0.0","80","16.67","DF"
"75","Case-13","Description Hypothesis","ap","0.5","51","70.85","DF"
"75","Case-13","EKG Hypothesis","ap-klachten","1.0","81","52.33","DF"
"75","Case-15","Description Hypothesis","acs","1.0","80","52.94","DF"
"75","Case-15","EKG Hypothesis","acs-nstemi","1.0","20","36.05","DF"
"75","Case-16","Description Hypothesis","iap","1.0","41","65.74","DF"
"75","Case-16","EKG Hypothesis","acs-nstemi (panischemie","1.0","100","34.22","DF"
"75","Case-17","Description Hypothesis","slokdarmspasme","0.0","61","53.94","DF"
"75","Case-17","EKG Hypothesis","tako-tsubo (cmp)","0.5","61","27.31","DF"
"75","Case-19","Description Hypothesis","acs","1.0","70","34.34","DF"
"75","Case-19","EKG Hypothesis","acs","1.0","70","17.61","DF"
"76","Case-01","Description Hypothesis","nstemi","1.0","64","26.09","DF"
"76","Case-01","EKG Hypothesis","nstemi","1.0","66","25.56","DF"
"76","Case-02","Description Hypothesis","gastro-intestinaal probleem","1.0","91","58.04","DF"
"76","Case-02","EKG Hypothesis","gastro-intestinaal probleem","1.0","94","55.40","DF"
"76","Case-03","Description Hypothesis","hyperventilatie","1.0","97","75.19","DF"
"76","Case-03","EKG Hypothesis","hyperventilatie","1.0","98","17.30","DF"
"76","Case-07","Description Hypothesis","pericarditis","1.0","92","45.82","DF"
"76","Case-07","EKG Hypothesis","pericarditis","1.0","100","25.20","DF"
"76","Case-08","Description Hypothesis","iap","1.0","100","56.79","DF"
"76","Case-08","EKG Hypothesis","nstemi","1.0","100","50.86","DF"
"76","Case-09","Description Hypothesis","nstemi","1.0","90","311.68","DF"
"76","Case-09","EKG Hypothesis","subacuut lateraal infarct","0.5","100","24.51","DF"
"76","Case-15","Description Hypothesis","nstemi","1.0","83","49.28","DF"
"76","Case-15","EKG Hypothesis","nstemi/iap","1.0","100","21.07","DF"
"76","Case-16","Description Hypothesis","angina pectoris","1.0","86","208.94","DF"
"76","Case-16","EKG Hypothesis","nstemi panischemie","1.0","89","23.96","DF"
"76","Case-17","Description Hypothesis","stress","0.5","93","40.45","DF"
"76","Case-17","EKG Hypothesis","takotsubo cmp","0.5","81","58.78","DF"
"76","Case-19","Description Hypothesis","nstemi","1.0","89","28.46","DF"
"76","Case-19","EKG Hypothesis","nstemi","1.0","84","26.33","DF"
"77","Case-01","Description Hypothesis","gastro-intestinaal dd acs","0.0","50","100.14","DF"
"77","Case-01","EKG Hypothesis","oud ecg? dd blijft gelijk","0.0","49","86.43","DF"
"77","Case-02","Description Hypothesis","ge dd acs","0.5","50","61.32","DF"
"77","Case-02","EKG Hypothesis","acs","0.0","80","49.82","DF"
"77","Case-03","Description Hypothesis","le dd acs (scad?)","0.5","49","53.32","DF"
"77","Case-03","EKG Hypothesis","pericarditis dd le","0.5","49","71.21","DF"
"77","Case-07","Description Hypothesis","pericarditis","1.0","69","61.15","DF"
"77","Case-07","EKG Hypothesis","pericarditis","1.0","92","17.30","DF"
"77","Case-08","Description Hypothesis","progressief ap (als laatste episode in rust acs)","1.0","73","81.91","DF"
"77","Case-08","EKG Hypothesis","stemi prox lad/d","1.0","88","50.35","DF"
"77","Case-09","Description Hypothesis","acs","1.0","70","63.61","DF"
"77","Case-09","EKG Hypothesis","doorgemaakt/persisteren acs","1.0","80","57.72","DF"
"77","Case-12","Description Hypothesis","efo patiënt","0.0","51","124.29","DF"
"77","Case-12","EKG Hypothesis","aspec pob, geen evident acs, geen evidente alternatieve diagnose","1.0","50","64.31","DF"
"77","Case-13","Description Hypothesis","acs","1.0","49","31.94","DF"
"77","Case-13","EKG Hypothesis","acs","1.0","51","57.71","DF"
"77","Case-15","Description Hypothesis","acs","1.0","70","59.28","DF"
"77","Case-15","EKG Hypothesis","acs (iap)","1.0","31","33.36","DF"
"77","Case-16","Description Hypothesis","ap","1.0","49","99.04","DF"
"77","Case-16","EKG Hypothesis","acs","1.0","59","25.22","DF"
"77","Case-17","Description Hypothesis","ge","0.0","45","62.74","DF"
"77","Case-17","EKG Hypothesis","ge","0.0","40","40.23","DF"
"77","Case-19","Description Hypothesis","acs","1.0","72","71.73","DF"
"77","Case-19","EKG Hypothesis","acs","1.0","69","15.76","DF"
"78","Case-01","Description Hypothesis","angina pectoris","1.0","55","116.30","DF"
"78","Case-01","EKG Hypothesis","nstemi oud ecg?","0.5","56","24.54","DF"
"78","Case-02","Description Hypothesis","gastrointestinaal","1.0","73","71.49","DF"
"78","Case-02","EKG Hypothesis","acs","0.0","65","68.46","DF"
"78","Case-03","Description Hypothesis","hyperventilatie","1.0","63","37.92","DF"
"78","Case-03","EKG Hypothesis","hyperventilatie dd toch pericarditis anamnese onvolledig","1.0","57","88.83","DF"
"78","Case-07","Description Hypothesis","pericarditis","1.0","78","55.77","DF"
"78","Case-07","EKG Hypothesis","pericarditis","1.0","83","47.02","DF"
"78","Case-08","Description Hypothesis","acs","1.0","80","41.50","DF"
"78","Case-08","EKG Hypothesis","stemi","0.5","73","50.44","DF"
"78","Case-09","Description Hypothesis","acs","1.0","61","81.42","DF"
"78","Case-09","EKG Hypothesis","acs","1.0","69","55.54","DF"
"78","Case-12","Description Hypothesis","atriumfib","0.5","60","181.10","DF"
"78","Case-12","EKG Hypothesis","non cardiale pijn","1.0","57","64.75","DF"
"78","Case-13","Description Hypothesis","acs","1.0","84","24.05","DF"
"78","Case-13","EKG Hypothesis","acs","1.0","75","53.25","DF"
"78","Case-15","Description Hypothesis","acs","1.0","64","46.14","DF"
"78","Case-15","EKG Hypothesis","iap","1.0","78","47.08","DF"
"78","Case-16","Description Hypothesis","stabiele ap","0.0","59","57.06","DF"
"78","Case-16","EKG Hypothesis","acs","1.0","65","35.33","DF"
"78","Case-17","Description Hypothesis","gastrointestinaal","0.0","64","66.54","DF"
"78","Case-17","EKG Hypothesis","acs","0.5","56","38.85","DF"
"78","Case-19","Description Hypothesis","acs","1.0","69","44.28","DF"
"78","Case-19","EKG Hypothesis","acs","1.0","64","27.91","DF"
"79","Case-01","Description Hypothesis","zuurbranden","0.0","30","127.10","DF"
"79","Case-01","EKG Hypothesis","oud inferolateraal infarct, geen acute ischemie","0.5","49","55.58","DF"
"79","Case-02","Description Hypothesis","zuurbranden","1.0","54","92.71","DF"
"79","Case-02","EKG Hypothesis","pericarditis","1.0","22","54.41","DF"
"79","Case-03","Description Hypothesis","aspecifieke thoracale klachten, costomyalgeen","1.0","65","42.56","DF"
"79","Case-03","EKG Hypothesis","aspecifieke thoracale pijnklachten, dd costomyalgeen","1.0","80","46.13","DF"
"79","Case-07","Description Hypothesis","pericarditis","1.0","98","50.15","DF"
"79","Case-07","EKG Hypothesis","pericarditis","1.0","100","33.38","DF"
"79","Case-08","Description Hypothesis","acuut infarct","1.0","69","38.10","DF"
"79","Case-08","EKG Hypothesis","acuut infarct","1.0","100","35.71","DF"
"79","Case-09","Description Hypothesis","pneumonie","0.0","24","59.24","DF"
"79","Case-09","EKG Hypothesis","iap","1.0","14","77.85","DF"
"79","Case-12","Description Hypothesis","pyrosis","0.0","24","60.85","DF"
"79","Case-12","EKG Hypothesis","pyrosis","0.0","32","37.44","DF"
"79","Case-13","Description Hypothesis","acs","1.0","39","44.52","DF"
"79","Case-13","EKG Hypothesis","longembolie","0.0","0","64.62","DF"
"79","Case-15","Description Hypothesis","infarct","1.0","66","40.47","DF"
"79","Case-15","EKG Hypothesis","nstemi","1.0","15","19.44","DF"
"79","Case-16","Description Hypothesis","ap","1.0","16","33.74","DF"
"79","Case-16","EKG Hypothesis","acs","1.0","67","34.99","DF"
"79","Case-17","Description Hypothesis","stress","0.5","3","62.16","DF"
"79","Case-17","EKG Hypothesis","lvh","0.5","17","32.76","DF"
"79","Case-19","Description Hypothesis","iap","1.0","66","36.11","DF"
"79","Case-19","EKG Hypothesis","iap","1.0","71","22.70","DF"
"80","Case-01","Description Hypothesis","acs","1.0","51","87.93","DF"
"80","Case-01","EKG Hypothesis","acs","1.0","64","28.49","DF"
"80","Case-02","Description Hypothesis","gastro intestinaal","1.0","74","30.30","DF"
"80","Case-02","EKG Hypothesis","gastro intestinaal","1.0","78","37.43","DF"
"80","Case-03","Description Hypothesis","costo myogeen","1.0","73","34.04","DF"
"80","Case-03","EKG Hypothesis","costo myogeen","1.0","77","26.27","DF"
"80","Case-07","Description Hypothesis","costo myogeen","0.0","55","66.67","DF"
"80","Case-07","EKG Hypothesis","pericarditis","1.0","77","22.00","DF"
"80","Case-08","Description Hypothesis","progressieve ap","1.0","61","36.09","DF"
"80","Case-08","EKG Hypothesis","acs","1.0","78","41.94","DF"
"80","Case-09","Description Hypothesis","acs","1.0","49","75.59","DF"
"80","Case-09","EKG Hypothesis","acs","1.0","57","48.78","DF"
"80","Case-12","Description Hypothesis","hypertension","0.0","68","53.72","DF"
"80","Case-12","EKG Hypothesis","hypertensie","0.0","39","27.39","DF"
"80","Case-13","Description Hypothesis","iap","1.0","48","25.19","DF"
"80","Case-13","EKG Hypothesis","iap","1.0","59","24.42","DF"
"80","Case-15","Description Hypothesis","acs","1.0","58","35.57","DF"
"80","Case-15","EKG Hypothesis","acs","1.0","62","21.10","DF"
"80","Case-16","Description Hypothesis","acs","1.0","43","41.15","DF"
"80","Case-16","EKG Hypothesis","acs","1.0","57","19.62","DF"
"80","Case-17","Description Hypothesis","stress","0.5","48","41.16","DF"
"80","Case-17","EKG Hypothesis","stress","0.5","54","25.59","DF"
"80","Case-19","Description Hypothesis","acs","1.0","53","25.09","DF"
"80","Case-19","EKG Hypothesis","nstemi","1.0","51","23.10","DF"
"81","Case-01","Description Hypothesis","acs","1.0","64","169.60","DF"
"81","Case-01","EKG Hypothesis","acs","1.0","48","36.59","DF"
"81","Case-02","Description Hypothesis","gastro-esofagaal","1.0","77","76.24","DF"
"81","Case-02","EKG Hypothesis","gastro esofagaal","1.0","73","39.47","DF"
"81","Case-03","Description Hypothesis","tendomyalgeen","1.0","64","50.16","DF"
"81","Case-03","EKG Hypothesis","tendomyalgeen","1.0","86","15.01","DF"
"81","Case-07","Description Hypothesis","pericarditis","1.0","66","87.23","DF"
"81","Case-07","EKG Hypothesis","pericarditis","1.0","98","21.08","DF"
"81","Case-08","Description Hypothesis","ap","1.0","71","76.63","DF"
"81","Case-08","EKG Hypothesis","ap","1.0","77","29.99","DF"
"81","Case-09","Description Hypothesis","pneumonie","0.0","74","86.56","DF"
"81","Case-09","EKG Hypothesis","pneumonie","0.0","62","60.87","DF"
"81","Case-12","Description Hypothesis","hvs","0.0","79","106.09","DF"
"81","Case-12","EKG Hypothesis","hvs","0.0","90","20.69","DF"
"81","Case-13","Description Hypothesis","tendomyalgeen","0.0","64","91.24","DF"
"81","Case-13","EKG Hypothesis","tendomyalgeen","0.0","66","18.59","DF"
"81","Case-15","Description Hypothesis","iap","1.0","64","69.87","DF"
"81","Case-15","EKG Hypothesis","iap","1.0","59","26.99","DF"
"81","Case-16","Description Hypothesis","ap","1.0","73","35.54","DF"
"81","Case-16","EKG Hypothesis","ap","1.0","68","16.33","DF"
"81","Case-17","Description Hypothesis","oesofagus spasme","0.0","62","86.27","DF"
"81","Case-17","EKG Hypothesis","ap","0.5","18","12.81","DF"
"81","Case-19","Description Hypothesis","iap","1.0","76","30.86","DF"
"81","Case-19","EKG Hypothesis","iap","1.0","79","8.87","DF"
"82","Case-01","Description Hypothesis","reflux","0.0","36","118.08","DF"
"82","Case-01","EKG Hypothesis","nstemi","1.0","49","52.51","DF"
"82","Case-02","Description Hypothesis","reflux","1.0","79","47.21","DF"
"82","Case-02","EKG Hypothesis","reflux","1.0","50","66.00","DF"
"82","Case-03","Description Hypothesis","myalgeen","1.0","63","72.42","DF"
"82","Case-03","EKG Hypothesis","myalgeen","1.0","60","39.30","DF"
"82","Case-07","Description Hypothesis","pericarditis","1.0","83","60.26","DF"
"82","Case-07","EKG Hypothesis","pericarditis","1.0","100","28.56","DF"
"82","Case-08","Description Hypothesis","ap","1.0","89","63.06","DF"
"82","Case-08","EKG Hypothesis","prox lad","1.0","100","67.46","DF"
"82","Case-09","Description Hypothesis","iap","1.0","82","35.35","DF"
"82","Case-09","EKG Hypothesis","lateraal doorgemaakt infarct","0.5","100","62.38","DF"
"82","Case-12","Description Hypothesis","av blok","0.0","62","71.83","DF"
"82","Case-12","EKG Hypothesis","av blok","0.0","66","41.83","DF"
"82","Case-13","Description Hypothesis","ap","0.5","64","38.08","DF"
"82","Case-13","EKG Hypothesis","svt","0.0","51","90.96","DF"
"82","Case-15","Description Hypothesis","iap","1.0","61","69.34","DF"
"82","Case-15","EKG Hypothesis","iap","1.0","50","21.57","DF"
"82","Case-16","Description Hypothesis","ap","1.0","44","42.97","DF"
"82","Case-16","EKG Hypothesis","ap","1.0","42","13.24","DF"
"82","Case-17","Description Hypothesis","le","0.0","33","44.13","DF"
"82","Case-17","EKG Hypothesis","iap","0.0","66","28.03","DF"
"82","Case-19","Description Hypothesis","iap","1.0","68","28.51","DF"
"82","Case-19","EKG Hypothesis","ip infarct doorgemaakt","0.5","62","43.52","DF"
"83","Case-01","Description Hypothesis","acs","1.0","91","89.84","DF"
"83","Case-01","EKG Hypothesis","acs","1.0","92","40.72","DF"
"83","Case-02","Description Hypothesis","acs","0.0","80","50.07","DF"
"83","Case-02","EKG Hypothesis","inferior cx infarct","0.0","71","30.71","DF"
"83","Case-03","Description Hypothesis","costomyalgeen","1.0","90","46.80","DF"
"83","Case-03","EKG Hypothesis","costomyalgeen","1.0","100","34.72","DF"
"83","Case-07","Description Hypothesis","pericarditis","1.0","74","28.00","DF"
"83","Case-07","EKG Hypothesis","pericarditis","1.0","95","24.66","DF"
"83","Case-08","Description Hypothesis","acs","1.0","83","31.94","DF"
"83","Case-08","EKG Hypothesis","acs","1.0","89","51.82","DF"
"83","Case-09","Description Hypothesis","acs","1.0","81","50.49","DF"
"83","Case-09","EKG Hypothesis","subacuut inferolateraal infarct","0.5","100","56.18","DF"
"83","Case-12","Description Hypothesis","acs","0.0","60","88.35","DF"
"83","Case-12","EKG Hypothesis","acs","0.0","50","44.11","DF"
"83","Case-13","Description Hypothesis","acs","1.0","70","32.58","DF"
"83","Case-13","EKG Hypothesis","acs","1.0","90","38.66","DF"
"83","Case-15","Description Hypothesis","acs","1.0","91","26.57","DF"
"83","Case-15","EKG Hypothesis","acs","1.0","88","19.02","DF"
"83","Case-16","Description Hypothesis","acs","1.0","90","27.78","DF"
"83","Case-16","EKG Hypothesis","ip ischaemie","1.0","100","50.68","DF"
"83","Case-17","Description Hypothesis","acs","0.5","90","41.02","DF"
"83","Case-17","EKG Hypothesis","acs","0.5","91","29.96","DF"
"83","Case-19","Description Hypothesis","acs","1.0","70","31.08","DF"
"83","Case-19","EKG Hypothesis","acs","1.0","71","16.98","DF"
"84","Case-01","Description Hypothesis","acs","1.0","28","99.59","DF"
"84","Case-01","EKG Hypothesis","acs","1.0","55","53.17","DF"
"84","Case-02","Description Hypothesis","castro oesofageaal","1.0","62","76.09","DF"
"84","Case-02","EKG Hypothesis","castro oesofageaal","1.0","74","30.70","DF"
"84","Case-03","Description Hypothesis","tendomyogen","1.0","63","42.09","DF"
"84","Case-03","EKG Hypothesis","tendomyogeen","1.0","67","23.32","DF"
"84","Case-07","Description Hypothesis","pericarditis","1.0","52","53.52","DF"
"84","Case-07","EKG Hypothesis","pericarditis","1.0","69","15.63","DF"
"84","Case-08","Description Hypothesis","instabiele ap/acs","1.0","60","78.04","DF"
"84","Case-08","EKG Hypothesis","acs","1.0","78","49.87","DF"
"84","Case-09","Description Hypothesis","pneumonie","0.0","61","77.97","DF"
"84","Case-09","EKG Hypothesis","pneumonie","0.0","67","58.27","DF"
"84","Case-12","Description Hypothesis","hyperventilatie","0.0","60","145.65","DF"
"84","Case-12","EKG Hypothesis","hyperventilatie","0.0","67","26.49","DF"
"84","Case-13","Description Hypothesis","acs","1.0","80","26.90","DF"
"84","Case-13","EKG Hypothesis","acs","1.0","76","17.13","DF"
"84","Case-15","Description Hypothesis","acs","1.0","74","30.13","DF"
"84","Case-15","EKG Hypothesis","acs","1.0","69","12.69","DF"
"84","Case-16","Description Hypothesis","angina pectoris","1.0","64","77.68","DF"
"84","Case-16","EKG Hypothesis","acs","1.0","68","24.06","DF"
"84","Case-17","Description Hypothesis","niet cardiaal","1.0","67","131.17","DF"
"84","Case-17","EKG Hypothesis","ap","0.5","34","24.48","DF"
"84","Case-19","Description Hypothesis","acs","1.0","63","26.24","DF"
"84","Case-19","EKG Hypothesis","acs","1.0","56","13.76","DF"
"85","Case-01","Description Hypothesis","acs","1.0","80","150.95","DF"
"85","Case-01","EKG Hypothesis","nstemi","1.0","70","66.84","DF"
"85","Case-02","Description Hypothesis","gastro intestinaal","1.0","95","72.68","DF"
"85","Case-02","EKG Hypothesis","pericarditis","1.0","70","49.57","DF"
"85","Case-03","Description Hypothesis","atypische thoracale pijnklachten","1.0","85","58.43","DF"
"85","Case-03","EKG Hypothesis","vroege repolarisatie","1.0","85","29.07","DF"
"85","Case-07","Description Hypothesis","pericarditis","1.0","91","30.79","DF"
"85","Case-07","EKG Hypothesis","pericarditis","1.0","95","31.82","DF"
"85","Case-08","Description Hypothesis","iap","1.0","80","53.28","DF"
"85","Case-08","EKG Hypothesis","anterior infarct","1.0","95","108.69","DF"
"85","Case-09","Description Hypothesis","pneumonie","0.0","70","103.16","DF"
"85","Case-09","EKG Hypothesis","pneumonie","0.0","85","92.73","DF"
"85","Case-12","Description Hypothesis","snel af","0.5","90","66.24","DF"
"85","Case-12","EKG Hypothesis","snel af met conversie pauze","0.5","80","35.53","DF"
"85","Case-13","Description Hypothesis","atypische thoracale pijnklachten","0.0","70","49.62","DF"
"85","Case-13","EKG Hypothesis","sinusbradycardie met linker atriumfilatatie","0.5","70","89.38","DF"
"85","Case-15","Description Hypothesis","iap/acs","1.0","80","56.26","DF"
"85","Case-15","EKG Hypothesis","iap","1.0","75","31.45","DF"
"85","Case-16","Description Hypothesis","ap","1.0","70","54.37","DF"
"85","Case-16","EKG Hypothesis","nstemi","1.0","80","77.77","DF"
"85","Case-17","Description Hypothesis","reflux","0.0","70","132.15","DF"
"85","Case-17","EKG Hypothesis","lvh met strain en mogelijk subendocardiale ischemie","0.5","75","45.61","DF"
"85","Case-19","Description Hypothesis","acs","1.0","72","21.14","DF"
"85","Case-19","EKG Hypothesis","nstemi","1.0","72","18.61","DF"
