Id,ORGANIZATION,NAME,GENDER,SPECIALITY,ADDRESS,CITY,STATE,ZIP,LAT,LON,UTILIZATION
71ca2558-c45d-3dc0-88f8-0ad5e1546b41,5e765f2b-e908-3888-9fc7-df2cb87beb58,Chauncey770 Steuber698,M,GENERAL PRACTICE,211 PARK STREET,ATTLEBORO,MA,02703,41.931653,-71.294503,97
1346d3c3-8e23-3d82-9ce9-81e1d2713fa6,4861d01f-019c-3dac-a153-8334e50919f9,Jame231 Jacobi462,M,GENERAL PRACTICE,81 HIGHLAND AVENUE,SALEM,MA,01970,42.50128,-70.897502,9
cd875033-4e66-356f-8c12-8f30dca3843a,c44f361c-2efb-3050-8f97-0354a12e2920,Louetta798 Thompson596,F,GENERAL PRACTICE,680 CENTER STREET,BROCKTON,MA,02302,42.082543,-71.024638,104
6f4d1381-010b-3df1-b51e-e8c1d093400c,ebc3f5c4-6700-34af-8323-85621c313726,Lorenza655 Ziemann98,F,GENERAL PRACTICE,115 WEST SILVER STREET,WESTFIELD,MA,01085,42.138838,-72.755911,38
9be4091d-ffac-3751-8041-fdc673ecfa88,d692e283-0833-3201-8e55-4f868a9c0736,Damaris45 Borer986,F,GENERAL PRACTICE,585 LEBANON STREET,MELROSE,MA,02176,42.455723,-71.05901899999998,4
225f4fcb-84f5-3fba-8741-3542b4c7e8bf,db0acede-4abe-3c01-8d03-5c68a190d8c7,Amira620 Nienow652,F,GENERAL PRACTICE,55 FOGG ROAD,SOUTH WEYMOUTH,MA,02190,42.24158900000001,-71.082651,57
2b3c4dca-788a-3b5f-89f5-48c3bdc07020,f4e7709c-02f6-37ca-aeea-8247d74e88e7,Leonie332 Hirthe744,F,GENERAL PRACTICE,41 HIGHLAND AVENUE,WINCHESTER,MA,01890,42.452752,-71.144319,29
8d831174-1b1f-3a43-8e04-3d31a19bc391,12c9daf5-a29c-36c9-ac55-28972463e566,Leigh689 Rutherford999,M,GENERAL PRACTICE,199 REEDSDALE ROAD,MILTON,MA,02186,42.24158900000001,-71.082651,2
a5566e1a-bd9b-38b2-9e54-f62b3c0dc3b8,226098a2-6a40-3588-b5bb-db56c3a30a04,Hal307 Renner328,M,GENERAL PRACTICE,235 NORTH PEARL STREET,BROCKTON,MA,02301,42.082543,-71.024638,6
fd6d08c8-d82a-3ab6-92b6-5079d21abd4d,d5117822-5756-389d-9547-891a372d580f,Owen89 Kunde533,M,GENERAL PRACTICE,67 & 100 TER HEUN DRIVE,FALMOUTH,MA,02540,41.57072,-70.556682,240
be15e70a-1586-305a-b79a-952c2915b8af,6f122869-a856-3d65-8db9-099bf4f5bbb8,Jarrod316 Crooks415,M,GENERAL PRACTICE,41 & 45 MALL ROAD,BURLINGTON,MA,01803,42.503227,-71.201713,8
630a1de2-2b0a-3cde-a74f-a9b948c214bf,80e919cc-df1a-3838-b75e-541564a286e5,Leesa210 Lehner980,F,GENERAL PRACTICE,57 PROSPECT STREET,NANTUCKET,MA,02554,41.293416,-70.10216899999999,24
b1e0ed54-6073-3e64-9160-ec5741998410,0df61196-c165-3212-9389-40d4bb4a39cb,Barry322 Koss676,M,GENERAL PRACTICE,540 MAIN ST,WINCHESTER,MA,01890-2940,42.452752000000004,-71.144319,37
4cfb1550-feda-31b3-950c-c86ebb14c798,ec446f6a-807f-3230-975f-9e1fe62d8876,Lula998 McKenzie376,F,OPTOMETRY,427 LYNNWAY,LYNN,MA,01905-3028,42.474862,-70.96218499999999,0
aa58a5ae-7f49-31b5-970c-3ced536ce924,ec446f6a-807f-3230-975f-9e1fe62d8876,Dewayne363 Jaskolski867,M,OPTOMETRY,427 LYNNWAY,LYNN,MA,01905-3028,42.474862,-70.96218499999999,0
a29ebc0e-33fb-3742-acfb-06b4c7bae9bd,ec446f6a-807f-3230-975f-9e1fe62d8876,Jake169 Wilkinson796,M,OPTOMETRY,427 LYNNWAY,LYNN,MA,01905-3028,42.474862,-70.96218499999999,0
55e05259-1ffd-3f93-a8a6-9d1c7720ea6c,ec446f6a-807f-3230-975f-9e1fe62d8876,Octavio643 Russel238,M,OPTOMETRY,427 LYNNWAY,LYNN,MA,01905-3028,42.474862,-70.96218499999999,0
0f417ae8-d889-30f2-9983-9149b6242cb7,ec446f6a-807f-3230-975f-9e1fe62d8876,Lula998 McKenzie376,F,GENERAL PRACTICE,427 LYNNWAY,LYNN,MA,01905-3028,42.474862,-70.96218499999999,24
7662a6a7-b9e5-38d1-b7d2-cddad8000ac6,137c644f-d7d2-3c20-949f-640d83ff3743,Osvaldo336 Deckow585,M,OPTOMETRY,21 MARSHVIEW LANE,MARSTON MILLS,MA,02648,41.662727,-70.357208,0
8a2a1393-4e6a-3cb7-bbb8-3afedd911799,137c644f-d7d2-3c20-949f-640d83ff3743,Louann705 Deckow585,F,CLINICAL SOCIAL WORKER,21 MARSHVIEW LANE,MARSTON MILLS,MA,02648,41.662727,-70.357208,0
20f3420a-76d5-31b6-89dc-725fe962969a,137c644f-d7d2-3c20-949f-640d83ff3743,Osvaldo336 Deckow585,M,GENERAL PRACTICE,21 MARSHVIEW LANE,MARSTON MILLS,MA,02648,41.662727,-70.357208,64
e22d5dbd-2548-3ccb-b624-08b40561ff8c,79da249b-82e4-3074-8c82-6049b443aff0,Pia232 King743,F,GENERAL PRACTICE,57 PROSPECT ST,NANTUCKET,MA,02554-2799,41.293416,-70.10216899999999,48
f49111d9-1906-3445-95ea-e19c92467fa3,3fb76bb8-2dd5-3d09-955a-e7909a366062,Alina705 Hettinger594,F,GENERAL PRACTICE,100 HIGHLAND ST,MILTON,MA,02186-3881,42.241557,-71.082432,34
00375731-dc1b-35ea-8b53-2da3e0c1dbcb,6040b2da-71a1-3d12-a777-427cbb929931,Jan231 Block661,M,CHIROPRACTIC,46 MAIN RD,MONTGOMERY,MA,01085-9522,42.220395,-72.834999,0
b03821eb-eb1a-3fe6-91c8-9eecc5d1079f,6040b2da-71a1-3d12-a777-427cbb929931,Abe604 Treutel973,M,CHIROPRACTIC,46 MAIN RD,MONTGOMERY,MA,01085-9522,42.220395,-72.834999,0
61683502-5b18-3b80-92f5-88f086f4107a,6040b2da-71a1-3d12-a777-427cbb929931,Jan231 Block661,M,GENERAL PRACTICE,46 MAIN RD,MONTGOMERY,MA,01085-9522,42.220395,-72.834999,31
857a8003-14ce-3540-b0f4-a2764f0e088e,6b1fd66f-0f57-3f84-8d77-4b0a929468d4,Kristopher775 Langosh790,M,NURSE PRACTITIONER,2 JAN SEBASTIAN DR,SANDWICH,MA,02563-2377,41.7132,-70.485737,0
465b5fd6-2d57-3925-9fec-a9227a517164,6b1fd66f-0f57-3f84-8d77-4b0a929468d4,Tran115 Harber290,F,NURSE PRACTITIONER,2 JAN SEBASTIAN DR,SANDWICH,MA,02563-2377,41.7132,-70.485737,0
5bec4a9c-5d2a-3a88-aef8-724a19ee7105,6b1fd66f-0f57-3f84-8d77-4b0a929468d4,Armand155 Terry864,M,NURSE PRACTITIONER,2 JAN SEBASTIAN DR,SANDWICH,MA,02563-2377,41.7132,-70.485737,0
6ffcda9a-8b3c-3f5d-8a7d-4c9e1ebd6938,6b1fd66f-0f57-3f84-8d77-4b0a929468d4,Emery884 Pouros728,M,NURSE PRACTITIONER,2 JAN SEBASTIAN DR,SANDWICH,MA,02563-2377,41.7132,-70.485737,0
5ba6a4c5-2614-3eef-a8f0-232029ca1401,6b1fd66f-0f57-3f84-8d77-4b0a929468d4,Micheal721 Abernathy524,F,NURSE PRACTITIONER,2 JAN SEBASTIAN DR,SANDWICH,MA,02563-2377,41.7132,-70.485737,0
dae59691-7b0d-3f24-b196-d43ce463aff2,6b1fd66f-0f57-3f84-8d77-4b0a929468d4,Marianna323 Schuster709,F,NURSE PRACTITIONER,2 JAN SEBASTIAN DR,SANDWICH,MA,02563-2377,41.7132,-70.485737,0
371267b6-147d-3174-a2b6-964d925197e1,6b1fd66f-0f57-3f84-8d77-4b0a929468d4,Tabetha269 Hilll811,F,NURSE PRACTITIONER,2 JAN SEBASTIAN DR,SANDWICH,MA,02563-2377,41.7132,-70.485737,0
5fc17823-550a-3f5b-8822-2d47f3cf3ecf,6b1fd66f-0f57-3f84-8d77-4b0a929468d4,Logan497 Dibbert990,M,NURSE PRACTITIONER,2 JAN SEBASTIAN DR,SANDWICH,MA,02563-2377,41.7132,-70.485737,0
342aea22-4010-30d9-bcef-6ea63fe9b223,6b1fd66f-0f57-3f84-8d77-4b0a929468d4,Keshia89 Kunze215,F,NURSE PRACTITIONER,2 JAN SEBASTIAN DR,SANDWICH,MA,02563-2377,41.7132,-70.485737,0
4d70165d-d9ec-38a3-b687-ecbe05e60ae8,6b1fd66f-0f57-3f84-8d77-4b0a929468d4,Gaynelle249 Haley279,F,NURSE PRACTITIONER,2 JAN SEBASTIAN DR,SANDWICH,MA,02563-2377,41.7132,-70.485737,0
187a72ce-e7e3-3a6a-ac4c-0635c3c5acf5,6b1fd66f-0f57-3f84-8d77-4b0a929468d4,Chris95 Kutch271,M,NURSE PRACTITIONER,2 JAN SEBASTIAN DR,SANDWICH,MA,02563-2377,41.7132,-70.485737,0
e586f80f-1635-3b78-8a88-219a056d5134,6b1fd66f-0f57-3f84-8d77-4b0a929468d4,Phuong301 Hamill307,F,NURSE PRACTITIONER,2 JAN SEBASTIAN DR,SANDWICH,MA,02563-2377,41.7132,-70.485737,0
3b5c0af1-d1da-37d1-98a4-c555bbf97681,6b1fd66f-0f57-3f84-8d77-4b0a929468d4,Wiley422 Murphy561,M,NURSE PRACTITIONER,2 JAN SEBASTIAN DR,SANDWICH,MA,02563-2377,41.7132,-70.485737,0
8383bf72-8b29-383b-bef3-b2672af57bf7,6b1fd66f-0f57-3f84-8d77-4b0a929468d4,Dione665 Kilback373,F,NURSE PRACTITIONER,2 JAN SEBASTIAN DR,SANDWICH,MA,02563-2377,41.7132,-70.485737,0
39ef66a7-a120-3fb4-b867-c83eb99ff145,6b1fd66f-0f57-3f84-8d77-4b0a929468d4,Yaeko585 Langosh790,F,CARDIOVASCULAR DISEASE (CARDIOLOGY),2 JAN SEBASTIAN DR,SANDWICH,MA,02563-2377,41.7132,-70.485737,0
a88d2462-ed4a-31a0-a9a6-fa5cfd24d7f7,6b1fd66f-0f57-3f84-8d77-4b0a929468d4,Tran115 Harber290,F,CARDIOVASCULAR DISEASE (CARDIOLOGY),2 JAN SEBASTIAN DR,SANDWICH,MA,02563-2377,41.7132,-70.485737,0
784bec92-09c3-3468-a49b-3290fb8e39e9,6b1fd66f-0f57-3f84-8d77-4b0a929468d4,Kristopher775 Langosh790,M,EMERGENCY MEDICINE,2 JAN SEBASTIAN DR,SANDWICH,MA,02563-2377,41.7132,-70.485737,0
ff5a31eb-b375-3eee-b7f8-1fb7711d4c97,6b1fd66f-0f57-3f84-8d77-4b0a929468d4,Tran115 Harber290,F,EMERGENCY MEDICINE,2 JAN SEBASTIAN DR,SANDWICH,MA,02563-2377,41.7132,-70.485737,0
0aa3d4b4-cade-3a93-ba76-9a0c7b22db94,6b1fd66f-0f57-3f84-8d77-4b0a929468d4,Ayana300 Terry864,F,EMERGENCY MEDICINE,2 JAN SEBASTIAN DR,SANDWICH,MA,02563-2377,41.7132,-70.485737,0
f164fd12-2629-3979-9298-72e0b8bdccb1,6b1fd66f-0f57-3f84-8d77-4b0a929468d4,Alverta45 Pouros728,F,EMERGENCY MEDICINE,2 JAN SEBASTIAN DR,SANDWICH,MA,02563-2377,41.7132,-70.485737,0
7e5bf95f-640d-393f-bb64-f921dacdd4c3,6b1fd66f-0f57-3f84-8d77-4b0a929468d4,Micheal721 Abernathy524,F,EMERGENCY MEDICINE,2 JAN SEBASTIAN DR,SANDWICH,MA,02563-2377,41.7132,-70.485737,0
49269e4e-66a3-3287-8a39-cf3ccc888296,6b1fd66f-0f57-3f84-8d77-4b0a929468d4,Caleb651 Schuster709,M,EMERGENCY MEDICINE,2 JAN SEBASTIAN DR,SANDWICH,MA,02563-2377,41.7132,-70.485737,0
d01505b3-1033-3122-908c-68bd86735410,6b1fd66f-0f57-3f84-8d77-4b0a929468d4,Billy698 Hilll811,M,EMERGENCY MEDICINE,2 JAN SEBASTIAN DR,SANDWICH,MA,02563-2377,41.7132,-70.485737,0
4a9338a8-d201-367d-8c68-500abf044b17,6b1fd66f-0f57-3f84-8d77-4b0a929468d4,Logan497 Dibbert990,M,EMERGENCY MEDICINE,2 JAN SEBASTIAN DR,SANDWICH,MA,02563-2377,41.7132,-70.485737,0
6a342afa-e807-31d8-9895-74b8e25de6d9,6b1fd66f-0f57-3f84-8d77-4b0a929468d4,Keshia89 Kunze215,F,EMERGENCY MEDICINE,2 JAN SEBASTIAN DR,SANDWICH,MA,02563-2377,41.7132,-70.485737,0
3974106e-63fc-3217-85db-ca91ce1b66d7,6b1fd66f-0f57-3f84-8d77-4b0a929468d4,Herbert830 Haley279,M,EMERGENCY MEDICINE,2 JAN SEBASTIAN DR,SANDWICH,MA,02563-2377,41.7132,-70.485737,0
220445ac-4f43-3398-b0ec-31299c6a242e,6b1fd66f-0f57-3f84-8d77-4b0a929468d4,Rosita520 Kutch271,F,EMERGENCY MEDICINE,2 JAN SEBASTIAN DR,SANDWICH,MA,02563-2377,41.7132,-70.485737,0
21bda8aa-fb86-3a8c-9937-01015d37ef4a,6b1fd66f-0f57-3f84-8d77-4b0a929468d4,Phuong301 Hamill307,F,EMERGENCY MEDICINE,2 JAN SEBASTIAN DR,SANDWICH,MA,02563-2377,41.7132,-70.485737,0
f4892a3f-2077-3eef-96cf-e534745bf904,6b1fd66f-0f57-3f84-8d77-4b0a929468d4,Janiece99 Murphy561,F,EMERGENCY MEDICINE,2 JAN SEBASTIAN DR,SANDWICH,MA,02563-2377,41.7132,-70.485737,0
78226b3c-35d1-37cb-bd35-8ba2d6034a13,6b1fd66f-0f57-3f84-8d77-4b0a929468d4,Jeffry142 Kilback373,M,EMERGENCY MEDICINE,2 JAN SEBASTIAN DR,SANDWICH,MA,02563-2377,41.7132,-70.485737,0
3acd176e-43eb-33e6-8296-8943f2ce8fe6,6b1fd66f-0f57-3f84-8d77-4b0a929468d4,Kimber624 Rutherford999,F,EMERGENCY MEDICINE,2 JAN SEBASTIAN DR,SANDWICH,MA,02563-2377,41.7132,-70.485737,0
31907ab3-f637-313a-b0fa-41166b535b6c,6b1fd66f-0f57-3f84-8d77-4b0a929468d4,Newton741 Schroeder447,M,EMERGENCY MEDICINE,2 JAN SEBASTIAN DR,SANDWICH,MA,02563-2377,41.7132,-70.485737,0
e1db5c72-9312-37d0-9ad1-f21e86f0a487,6b1fd66f-0f57-3f84-8d77-4b0a929468d4,Michal596 Jacobson885,M,EMERGENCY MEDICINE,2 JAN SEBASTIAN DR,SANDWICH,MA,02563-2377,41.7132,-70.485737,0
201b13d6-90a6-3789-9476-3c8e915ed398,6b1fd66f-0f57-3f84-8d77-4b0a929468d4,Caroyln232 Ernser583,F,EMERGENCY MEDICINE,2 JAN SEBASTIAN DR,SANDWICH,MA,02563-2377,41.7132,-70.485737,0
ce044865-5e1f-30b1-b2f3-6603df008d0a,6b1fd66f-0f57-3f84-8d77-4b0a929468d4,Jack927 Runolfsson901,F,EMERGENCY MEDICINE,2 JAN SEBASTIAN DR,SANDWICH,MA,02563-2377,41.7132,-70.485737,0
2b0b9885-a58b-340b-842c-f3e26554de2d,6b1fd66f-0f57-3f84-8d77-4b0a929468d4,Chester802 McDermott739,M,EMERGENCY MEDICINE,2 JAN SEBASTIAN DR,SANDWICH,MA,02563-2377,41.7132,-70.485737,0
b047b6a2-bae3-342e-85c5-8fb7ba06932c,6b1fd66f-0f57-3f84-8d77-4b0a929468d4,Yuriko393 Tremblay80,F,EMERGENCY MEDICINE,2 JAN SEBASTIAN DR,SANDWICH,MA,02563-2377,41.7132,-70.485737,0
ce969b6c-2f48-3e2d-a7d0-4da99e31f4bb,6b1fd66f-0f57-3f84-8d77-4b0a929468d4,Whitney250 Ratke343,M,EMERGENCY MEDICINE,2 JAN SEBASTIAN DR,SANDWICH,MA,02563-2377,41.7132,-70.485737,0
614a9fb3-06c9-3d80-8532-994db196c74c,6b1fd66f-0f57-3f84-8d77-4b0a929468d4,Berenice603 Gerlach374,F,EMERGENCY MEDICINE,2 JAN SEBASTIAN DR,SANDWICH,MA,02563-2377,41.7132,-70.485737,0
73da47b3-e4ff-3947-949c-48cd41fdbdb3,6b1fd66f-0f57-3f84-8d77-4b0a929468d4,Anette189 Blick895,F,EMERGENCY MEDICINE,2 JAN SEBASTIAN DR,SANDWICH,MA,02563-2377,41.7132,-70.485737,0
3838a345-bfc7-3e34-9d5c-af1dbe3f2c32,6b1fd66f-0f57-3f84-8d77-4b0a929468d4,Ahmad985 Howe413,M,EMERGENCY MEDICINE,2 JAN SEBASTIAN DR,SANDWICH,MA,02563-2377,41.7132,-70.485737,0
8042075c-2227-3dcf-b880-63e160aa350f,6b1fd66f-0f57-3f84-8d77-4b0a929468d4,Doug189 DuBuque211,M,EMERGENCY MEDICINE,2 JAN SEBASTIAN DR,SANDWICH,MA,02563-2377,41.7132,-70.485737,0
43cdb141-dca8-34ca-a521-70be6190379b,6b1fd66f-0f57-3f84-8d77-4b0a929468d4,Reyna401 Lemke654,F,EMERGENCY MEDICINE,2 JAN SEBASTIAN DR,SANDWICH,MA,02563-2377,41.7132,-70.485737,0
c0b6245b-4289-349e-a727-9c19c85fbac0,6b1fd66f-0f57-3f84-8d77-4b0a929468d4,Pat3 Marks830,M,EMERGENCY MEDICINE,2 JAN SEBASTIAN DR,SANDWICH,MA,02563-2377,41.7132,-70.485737,0
516791ae-2dda-3ce5-ad88-024f8db08c80,6b1fd66f-0f57-3f84-8d77-4b0a929468d4,Irmgard696 Thompson596,F,EMERGENCY MEDICINE,2 JAN SEBASTIAN DR,SANDWICH,MA,02563-2377,41.7132,-70.485737,0
955ec2ef-2f66-3417-974c-e8df2223da2f,6b1fd66f-0f57-3f84-8d77-4b0a929468d4,Kirby843 Predovic534,M,EMERGENCY MEDICINE,2 JAN SEBASTIAN DR,SANDWICH,MA,02563-2377,41.7132,-70.485737,0
7c0ef0ac-4689-32b1-a2ff-1d0244ecf5e8,6b1fd66f-0f57-3f84-8d77-4b0a929468d4,Luisa710 Bailey598,F,EMERGENCY MEDICINE,2 JAN SEBASTIAN DR,SANDWICH,MA,02563-2377,41.7132,-70.485737,0
3ce3ac6c-cef0-3dfb-a577-fc22afed8a9e,6b1fd66f-0f57-3f84-8d77-4b0a929468d4,Lelah386 Spinka232,F,EMERGENCY MEDICINE,2 JAN SEBASTIAN DR,SANDWICH,MA,02563-2377,41.7132,-70.485737,0
913b5399-43f9-3268-825f-4ebf0d37a026,6b1fd66f-0f57-3f84-8d77-4b0a929468d4,Cecila397 D'Amore443,F,EMERGENCY MEDICINE,2 JAN SEBASTIAN DR,SANDWICH,MA,02563-2377,41.7132,-70.485737,0
8b175e95-f77b-3e4e-b6cf-4d2d60b00ed6,6b1fd66f-0f57-3f84-8d77-4b0a929468d4,Billy698 Ebert178,F,EMERGENCY MEDICINE,2 JAN SEBASTIAN DR,SANDWICH,MA,02563-2377,41.7132,-70.485737,0
ef385126-e4ad-3928-a41b-47b87f9e15e0,6b1fd66f-0f57-3f84-8d77-4b0a929468d4,Arron144 Lesch175,M,EMERGENCY MEDICINE,2 JAN SEBASTIAN DR,SANDWICH,MA,02563-2377,41.7132,-70.485737,0
2f162a37-2bb7-3a64-935c-f53ad2d05c5e,6b1fd66f-0f57-3f84-8d77-4b0a929468d4,Emmett200 Herman763,M,EMERGENCY MEDICINE,2 JAN SEBASTIAN DR,SANDWICH,MA,02563-2377,41.7132,-70.485737,0
f15dfa0c-34c4-32c1-993e-436ca1637a15,6b1fd66f-0f57-3f84-8d77-4b0a929468d4,Shirley182 Ondricka197,M,EMERGENCY MEDICINE,2 JAN SEBASTIAN DR,SANDWICH,MA,02563-2377,41.7132,-70.485737,0
97c5aac6-dcc8-3e90-b156-96f15b0d148b,6b1fd66f-0f57-3f84-8d77-4b0a929468d4,Carlos172 Kshlerin58,M,EMERGENCY MEDICINE,2 JAN SEBASTIAN DR,SANDWICH,MA,02563-2377,41.7132,-70.485737,0
c52706e2-a9cc-3e64-b388-8a72fa9bc7b7,6b1fd66f-0f57-3f84-8d77-4b0a929468d4,Bobbie849 Balistreri607,M,EMERGENCY MEDICINE,2 JAN SEBASTIAN DR,SANDWICH,MA,02563-2377,41.7132,-70.485737,0
a5383513-aa1e-30d0-8505-5837270f0d85,6b1fd66f-0f57-3f84-8d77-4b0a929468d4,Adell482 Sporer811,F,EMERGENCY MEDICINE,2 JAN SEBASTIAN DR,SANDWICH,MA,02563-2377,41.7132,-70.485737,0
5dcf7c59-bebb-3940-bf18-012f844e4bbf,6b1fd66f-0f57-3f84-8d77-4b0a929468d4,Theron432 Crist667,M,EMERGENCY MEDICINE,2 JAN SEBASTIAN DR,SANDWICH,MA,02563-2377,41.7132,-70.485737,0
a91d4420-2fae-32f8-8619-feb0249ee293,6b1fd66f-0f57-3f84-8d77-4b0a929468d4,Clay913 Wiza601,M,EMERGENCY MEDICINE,2 JAN SEBASTIAN DR,SANDWICH,MA,02563-2377,41.7132,-70.485737,0
f83bd9b0-7c70-351d-9041-fb61c275c0c9,6b1fd66f-0f57-3f84-8d77-4b0a929468d4,Gilberto712 Leannon79,M,EMERGENCY MEDICINE,2 JAN SEBASTIAN DR,SANDWICH,MA,02563-2377,41.7132,-70.485737,0
d07b1cee-87d4-36e3-949f-77b092bccb7d,6b1fd66f-0f57-3f84-8d77-4b0a929468d4,Marion502 Harvey63,M,EMERGENCY MEDICINE,2 JAN SEBASTIAN DR,SANDWICH,MA,02563-2377,41.7132,-70.485737,0
df943e0a-8582-3b5e-b54f-0aa8ebbb9636,6b1fd66f-0f57-3f84-8d77-4b0a929468d4,Dane516 O'Connell601,M,EMERGENCY MEDICINE,2 JAN SEBASTIAN DR,SANDWICH,MA,02563-2377,41.7132,-70.485737,0
b06a6de8-df7a-3d36-b81f-1257340d2da6,6b1fd66f-0f57-3f84-8d77-4b0a929468d4,Jackson413 Kohler843,M,EMERGENCY MEDICINE,2 JAN SEBASTIAN DR,SANDWICH,MA,02563-2377,41.7132,-70.485737,0
24d7aebf-def9-3a68-8081-0e44bd10bff6,6b1fd66f-0f57-3f84-8d77-4b0a929468d4,Carlos172 Brito172,M,EMERGENCY MEDICINE,2 JAN SEBASTIAN DR,SANDWICH,MA,02563-2377,41.7132,-70.485737,0
ff9f7125-4d63-3db6-b205-85b13d770bac,6b1fd66f-0f57-3f84-8d77-4b0a929468d4,Jacquie940 Simonis280,F,EMERGENCY MEDICINE,2 JAN SEBASTIAN DR,SANDWICH,MA,02563-2377,41.7132,-70.485737,0
74def710-589a-3f5b-ba17-b016b157df74,6b1fd66f-0f57-3f84-8d77-4b0a929468d4,Doloris378 Jones311,F,EMERGENCY MEDICINE,2 JAN SEBASTIAN DR,SANDWICH,MA,02563-2377,41.7132,-70.485737,0
5868657f-51f5-373d-935b-c875a0dfd27e,6b1fd66f-0f57-3f84-8d77-4b0a929468d4,Thaddeus38 Fisher429,M,EMERGENCY MEDICINE,2 JAN SEBASTIAN DR,SANDWICH,MA,02563-2377,41.7132,-70.485737,0
df16a0da-ca1b-36a7-826c-b8348bacee6c,6b1fd66f-0f57-3f84-8d77-4b0a929468d4,Georgette866 Schaden604,F,EMERGENCY MEDICINE,2 JAN SEBASTIAN DR,SANDWICH,MA,02563-2377,41.7132,-70.485737,0
06b8398f-ebc2-3ec7-ba73-bbf8c42b36e4,6b1fd66f-0f57-3f84-8d77-4b0a929468d4,Gerardo48 Mitchell808,M,EMERGENCY MEDICINE,2 JAN SEBASTIAN DR,SANDWICH,MA,02563-2377,41.7132,-70.485737,0
55ae5712-a343-39ef-becd-8f88a6a0b248,6b1fd66f-0f57-3f84-8d77-4b0a929468d4,Vaughn909 Volkman526,M,EMERGENCY MEDICINE,2 JAN SEBASTIAN DR,SANDWICH,MA,02563-2377,41.7132,-70.485737,0
87419a8d-d916-3831-bd79-f90fb05864ef,6b1fd66f-0f57-3f84-8d77-4b0a929468d4,Damion480 Reynolds644,M,EMERGENCY MEDICINE,2 JAN SEBASTIAN DR,SANDWICH,MA,02563-2377,41.7132,-70.485737,0
1eed9597-949f-3750-b706-83e8889928fa,6b1fd66f-0f57-3f84-8d77-4b0a929468d4,Heriberto162 Gorczany269,M,EMERGENCY MEDICINE,2 JAN SEBASTIAN DR,SANDWICH,MA,02563-2377,41.7132,-70.485737,0
11f92be7-1390-3ad3-825f-6c63c9fd3fe0,6b1fd66f-0f57-3f84-8d77-4b0a929468d4,Milton509 Boyer713,M,EMERGENCY MEDICINE,2 JAN SEBASTIAN DR,SANDWICH,MA,02563-2377,41.7132,-70.485737,0
d4dd19e6-47f3-3778-8f88-2251df87e99c,6b1fd66f-0f57-3f84-8d77-4b0a929468d4,Lucas404 Maldonado119,M,EMERGENCY MEDICINE,2 JAN SEBASTIAN DR,SANDWICH,MA,02563-2377,41.7132,-70.485737,0
fa223b5f-5e62-316e-8bd3-90603eeb1565,6b1fd66f-0f57-3f84-8d77-4b0a929468d4,Marcos263 Ledesma253,M,EMERGENCY MEDICINE,2 JAN SEBASTIAN DR,SANDWICH,MA,02563-2377,41.7132,-70.485737,0
567a5222-d057-398f-a3c9-07750fa2f720,6b1fd66f-0f57-3f84-8d77-4b0a929468d4,Shavonda114 Lubowitz58,F,EMERGENCY MEDICINE,2 JAN SEBASTIAN DR,SANDWICH,MA,02563-2377,41.7132,-70.485737,0
6a76e56d-5e63-3a8a-b7f9-fabb3d804eab,6b1fd66f-0f57-3f84-8d77-4b0a929468d4,Roseann182 McGlynn426,F,EMERGENCY MEDICINE,2 JAN SEBASTIAN DR,SANDWICH,MA,02563-2377,41.7132,-70.485737,0
abc35ed2-a8c3-3304-b75b-cfefbcc2abe4,6b1fd66f-0f57-3f84-8d77-4b0a929468d4,Dwight645 Tromp100,M,EMERGENCY MEDICINE,2 JAN SEBASTIAN DR,SANDWICH,MA,02563-2377,41.7132,-70.485737,0
58df9023-6170-30f2-8214-7b4b189f5836,6b1fd66f-0f57-3f84-8d77-4b0a929468d4,Josue598 Rau926,M,EMERGENCY MEDICINE,2 JAN SEBASTIAN DR,SANDWICH,MA,02563-2377,41.7132,-70.485737,0
af7a29c1-80e6-3c59-b09f-2131f92d43df,6b1fd66f-0f57-3f84-8d77-4b0a929468d4,Lavina533 Baumbach677,F,EMERGENCY MEDICINE,2 JAN SEBASTIAN DR,SANDWICH,MA,02563-2377,41.7132,-70.485737,0
13825c74-8194-3890-af2f-416ba84c6e06,6b1fd66f-0f57-3f84-8d77-4b0a929468d4,Kerrie266 Stoltenberg489,F,EMERGENCY MEDICINE,2 JAN SEBASTIAN DR,SANDWICH,MA,02563-2377,41.7132,-70.485737,0
8684c697-89c8-3d72-85d9-4cd65aa953b4,6b1fd66f-0f57-3f84-8d77-4b0a929468d4,Arnette709 Towne435,F,EMERGENCY MEDICINE,2 JAN SEBASTIAN DR,SANDWICH,MA,02563-2377,41.7132,-70.485737,0
11054c2f-bc04-3366-8901-07e463ace553,6b1fd66f-0f57-3f84-8d77-4b0a929468d4,Hershel911 Quigley282,M,EMERGENCY MEDICINE,2 JAN SEBASTIAN DR,SANDWICH,MA,02563-2377,41.7132,-70.485737,0
3d3ec437-8e72-3a76-a7cb-4b270d7fd6cb,6b1fd66f-0f57-3f84-8d77-4b0a929468d4,Chelsie189 Bartoletti50,F,EMERGENCY MEDICINE,2 JAN SEBASTIAN DR,SANDWICH,MA,02563-2377,41.7132,-70.485737,0
61aa3c02-f53e-3f52-8958-09e5a4cdce4e,6b1fd66f-0f57-3f84-8d77-4b0a929468d4,Brook779 Bernier607,F,EMERGENCY MEDICINE,2 JAN SEBASTIAN DR,SANDWICH,MA,02563-2377,41.7132,-70.485737,0
4b9a648b-da35-32e8-bc2d-57b862badba8,6b1fd66f-0f57-3f84-8d77-4b0a929468d4,Jaime666 Hoeger474,M,EMERGENCY MEDICINE,2 JAN SEBASTIAN DR,SANDWICH,MA,02563-2377,41.7132,-70.485737,0
469c0a37-3f00-3470-adc5-3bcbf2d81c7e,6b1fd66f-0f57-3f84-8d77-4b0a929468d4,Numbers230 Dooley940,M,EMERGENCY MEDICINE,2 JAN SEBASTIAN DR,SANDWICH,MA,02563-2377,41.7132,-70.485737,0
b4970a18-a6f1-33bc-b679-f0e5c5bedecb,6b1fd66f-0f57-3f84-8d77-4b0a929468d4,Virgilio529 Ledner144,M,EMERGENCY MEDICINE,2 JAN SEBASTIAN DR,SANDWICH,MA,02563-2377,41.7132,-70.485737,0
5d4ffd20-509a-3921-abe1-035ad0937f14,6b1fd66f-0f57-3f84-8d77-4b0a929468d4,Dannie881 Heaney114,M,EMERGENCY MEDICINE,2 JAN SEBASTIAN DR,SANDWICH,MA,02563-2377,41.7132,-70.485737,0
a7fdf67e-8213-392d-9c21-05d3621cf51f,6b1fd66f-0f57-3f84-8d77-4b0a929468d4,Kristopher775 Langosh790,M,PHYSICIAN ASSISTANT,2 JAN SEBASTIAN DR,SANDWICH,MA,02563-2377,41.7132,-70.485737,0
4feb5b0a-52a4-395d-b796-42e0ef541376,6b1fd66f-0f57-3f84-8d77-4b0a929468d4,Rosendo998 Harber290,M,PHYSICIAN ASSISTANT,2 JAN SEBASTIAN DR,SANDWICH,MA,02563-2377,41.7132,-70.485737,0
520072a3-a95e-3214-ab1f-89ed25d25984,6b1fd66f-0f57-3f84-8d77-4b0a929468d4,Armand155 Terry864,M,PHYSICIAN ASSISTANT,2 JAN SEBASTIAN DR,SANDWICH,MA,02563-2377,41.7132,-70.485737,0
13a0f444-5cc8-36d0-a6b3-1cffb971f174,6b1fd66f-0f57-3f84-8d77-4b0a929468d4,Emery884 Pouros728,M,PHYSICIAN ASSISTANT,2 JAN SEBASTIAN DR,SANDWICH,MA,02563-2377,41.7132,-70.485737,0
ca835270-2368-3060-b8b9-c5d5b863c504,6b1fd66f-0f57-3f84-8d77-4b0a929468d4,Micheal721 Abernathy524,F,PHYSICIAN ASSISTANT,2 JAN SEBASTIAN DR,SANDWICH,MA,02563-2377,41.7132,-70.485737,0
841a099a-b741-3eb8-9c22-8e4a3c9afb16,6b1fd66f-0f57-3f84-8d77-4b0a929468d4,Caleb651 Schuster709,M,PHYSICIAN ASSISTANT,2 JAN SEBASTIAN DR,SANDWICH,MA,02563-2377,41.7132,-70.485737,0
8559fcbe-b41a-3ee8-a483-166ea416d657,6b1fd66f-0f57-3f84-8d77-4b0a929468d4,Mariano761 Corral791,M,PHYSICIAN ASSISTANT,2 JAN SEBASTIAN DR,SANDWICH,MA,02563-2377,41.7132,-70.485737,0
8aac1801-b910-3d6b-a4b6-52a961f91c44,6b1fd66f-0f57-3f84-8d77-4b0a929468d4,Logan497 Dibbert990,M,PHYSICIAN ASSISTANT,2 JAN SEBASTIAN DR,SANDWICH,MA,02563-2377,41.7132,-70.485737,0
2c76c401-f0c2-373c-aa95-f5b23e28bb22,6b1fd66f-0f57-3f84-8d77-4b0a929468d4,Terry864 Kunze215,M,PHYSICIAN ASSISTANT,2 JAN SEBASTIAN DR,SANDWICH,MA,02563-2377,41.7132,-70.485737,0
ff03ad34-6b21-320b-96de-4378ecfa482f,6b1fd66f-0f57-3f84-8d77-4b0a929468d4,Herbert830 Haley279,M,PHYSICIAN ASSISTANT,2 JAN SEBASTIAN DR,SANDWICH,MA,02563-2377,41.7132,-70.485737,0
23815989-ba93-3267-80bd-4e0d415c39c2,6b1fd66f-0f57-3f84-8d77-4b0a929468d4,Chris95 Kutch271,M,PHYSICIAN ASSISTANT,2 JAN SEBASTIAN DR,SANDWICH,MA,02563-2377,41.7132,-70.485737,0
a2bf48c1-b050-345b-ac59-b149d82ceb04,6b1fd66f-0f57-3f84-8d77-4b0a929468d4,Harley673 Hamill307,M,PHYSICIAN ASSISTANT,2 JAN SEBASTIAN DR,SANDWICH,MA,02563-2377,41.7132,-70.485737,0
585a3c49-2182-3a75-9195-7ddbe1eb573f,6b1fd66f-0f57-3f84-8d77-4b0a929468d4,Andrea7 Rosado690,F,PHYSICIAN ASSISTANT,2 JAN SEBASTIAN DR,SANDWICH,MA,02563-2377,41.7132,-70.485737,0
a561f984-c933-3d66-807f-83ef87f474c7,6b1fd66f-0f57-3f84-8d77-4b0a929468d4,Jeffry142 Kilback373,M,PHYSICIAN ASSISTANT,2 JAN SEBASTIAN DR,SANDWICH,MA,02563-2377,41.7132,-70.485737,0
3807063d-0364-33c7-b12e-8cc62a973823,6b1fd66f-0f57-3f84-8d77-4b0a929468d4,Isaiah615 Rutherford999,M,PHYSICIAN ASSISTANT,2 JAN SEBASTIAN DR,SANDWICH,MA,02563-2377,41.7132,-70.485737,0
31027bf9-22ce-3582-af28-bb15b6c46cd4,6b1fd66f-0f57-3f84-8d77-4b0a929468d4,Newton741 Schroeder447,M,PHYSICIAN ASSISTANT,2 JAN SEBASTIAN DR,SANDWICH,MA,02563-2377,41.7132,-70.485737,0
a21ab949-69a3-312d-a888-9a680f39f6aa,6b1fd66f-0f57-3f84-8d77-4b0a929468d4,Michal596 Jacobson885,M,PHYSICIAN ASSISTANT,2 JAN SEBASTIAN DR,SANDWICH,MA,02563-2377,41.7132,-70.485737,0
e0158c4c-6d92-3472-a57a-5059e15bcb87,6b1fd66f-0f57-3f84-8d77-4b0a929468d4,Caroyln232 Ernser583,F,PHYSICIAN ASSISTANT,2 JAN SEBASTIAN DR,SANDWICH,MA,02563-2377,41.7132,-70.485737,0
caed259a-7903-3d98-bf02-ce44ae148c9c,6b1fd66f-0f57-3f84-8d77-4b0a929468d4,Jack927 Runolfsson901,F,PHYSICIAN ASSISTANT,2 JAN SEBASTIAN DR,SANDWICH,MA,02563-2377,41.7132,-70.485737,0
42264183-bbcc-34fb-8267-50d4d1ec4f42,6b1fd66f-0f57-3f84-8d77-4b0a929468d4,Chester802 McDermott739,M,PHYSICIAN ASSISTANT,2 JAN SEBASTIAN DR,SANDWICH,MA,02563-2377,41.7132,-70.485737,0
cc86770a-fc1a-3127-9162-cbc40b90de61,6b1fd66f-0f57-3f84-8d77-4b0a929468d4,Neil122 Tremblay80,M,PHYSICIAN ASSISTANT,2 JAN SEBASTIAN DR,SANDWICH,MA,02563-2377,41.7132,-70.485737,0
dd3d45f7-8c4f-3c79-8c0c-e1b4231b43ca,6b1fd66f-0f57-3f84-8d77-4b0a929468d4,Ursula220 Ratke343,F,PHYSICIAN ASSISTANT,2 JAN SEBASTIAN DR,SANDWICH,MA,02563-2377,41.7132,-70.485737,0
4ba07f12-cff2-3d57-912e-793a217d3346,6b1fd66f-0f57-3f84-8d77-4b0a929468d4,Cristobal567 Gerlach374,M,PHYSICIAN ASSISTANT,2 JAN SEBASTIAN DR,SANDWICH,MA,02563-2377,41.7132,-70.485737,0
7edf9859-702d-3136-ada1-667ae4aa1a80,6b1fd66f-0f57-3f84-8d77-4b0a929468d4,Irvin970 Blick895,M,PHYSICIAN ASSISTANT,2 JAN SEBASTIAN DR,SANDWICH,MA,02563-2377,41.7132,-70.485737,0
8d6e744e-a16d-3471-8587-00cfdf785681,6b1fd66f-0f57-3f84-8d77-4b0a929468d4,Ahmad985 Howe413,M,PHYSICIAN ASSISTANT,2 JAN SEBASTIAN DR,SANDWICH,MA,02563-2377,41.7132,-70.485737,0
fb937b51-bc1e-30d9-964a-dee40c1c08ec,6b1fd66f-0f57-3f84-8d77-4b0a929468d4,Doug189 DuBuque211,M,PHYSICIAN ASSISTANT,2 JAN SEBASTIAN DR,SANDWICH,MA,02563-2377,41.7132,-70.485737,0
a3597c23-c838-3996-9d4e-8f89ebd5959b,6b1fd66f-0f57-3f84-8d77-4b0a929468d4,Reyna401 Lemke654,F,PHYSICIAN ASSISTANT,2 JAN SEBASTIAN DR,SANDWICH,MA,02563-2377,41.7132,-70.485737,0
f52b4e95-68ce-3d1b-b3ba-6fc54b215408,6b1fd66f-0f57-3f84-8d77-4b0a929468d4,Olympia319 Marks830,F,PHYSICIAN ASSISTANT,2 JAN SEBASTIAN DR,SANDWICH,MA,02563-2377,41.7132,-70.485737,0
27d59fed-69ec-3b49-804a-4e34d69b8476,6b1fd66f-0f57-3f84-8d77-4b0a929468d4,Elroy493 Thompson596,M,PHYSICIAN ASSISTANT,2 JAN SEBASTIAN DR,SANDWICH,MA,02563-2377,41.7132,-70.485737,0
982e0568-2b6a-35dd-aa0c-3f0e8e2f56e6,6b1fd66f-0f57-3f84-8d77-4b0a929468d4,Gertie348 Predovic534,F,PHYSICIAN ASSISTANT,2 JAN SEBASTIAN DR,SANDWICH,MA,02563-2377,41.7132,-70.485737,0
10dc22ba-92d8-3f26-92e4-0f54ba695885,6b1fd66f-0f57-3f84-8d77-4b0a929468d4,Jonas187 Bailey598,M,PHYSICIAN ASSISTANT,2 JAN SEBASTIAN DR,SANDWICH,MA,02563-2377,41.7132,-70.485737,0
02ca0e91-83ef-3196-b509-65e950726b82,6b1fd66f-0f57-3f84-8d77-4b0a929468d4,Reginald96 Spinka232,M,PHYSICIAN ASSISTANT,2 JAN SEBASTIAN DR,SANDWICH,MA,02563-2377,41.7132,-70.485737,0
30e576d1-968a-3190-84ce-93cf19a5bf46,6b1fd66f-0f57-3f84-8d77-4b0a929468d4,Kristopher775 Langosh790,M,GENERAL PRACTICE,2 JAN SEBASTIAN DR,SANDWICH,MA,02563-2377,41.7132,-70.485737,75
83831cbf-41e0-3c53-a5a5-f83e61ecb624,6b1fd66f-0f57-3f84-8d77-4b0a929468d4,Yaeko585 Langosh790,F,INTERNAL MEDICINE,2 JAN SEBASTIAN DR,SANDWICH,MA,02563-2377,41.7132,-70.485737,0
a2bc3959-1d33-31ca-9258-e407e6166121,6b1fd66f-0f57-3f84-8d77-4b0a929468d4,Lilia791 Lira652,F,INTERNAL MEDICINE,2 JAN SEBASTIAN DR,SANDWICH,MA,02563-2377,41.7132,-70.485737,0
a69a3dc2-11a3-3120-8398-2c7fc69feddb,cafe2177-c0c7-36bd-bea5-53ad4c45ee4d,Nannie905 Metz686,F,GENERAL PRACTICE,909 SUMNER ST,STOUGHTON,MA,02072-3396,42.119006,-71.10365,51
84efc670-86d1-3858-9d4f-e09002a69509,0d307ea2-118e-39a2-8619-7bf9948df58a,Thomas756 Cormier289,M,OPTOMETRY,15 HIGHLAND AVE,SEEKONK,MA,02771-5805,41.839797999999995,-71.31804699999999,0
08cf222c-767d-3a99-ad64-172f6e2b6e0d,0d307ea2-118e-39a2-8619-7bf9948df58a,Clement78 Wintheiser220,M,OPTOMETRY,15 HIGHLAND AVE,SEEKONK,MA,02771-5805,41.839797999999995,-71.31804699999999,0
b11ec4cd-2ba6-3e2e-950d-72cf5167cefe,0d307ea2-118e-39a2-8619-7bf9948df58a,Thomas756 Cormier289,M,GENERAL PRACTICE,15 HIGHLAND AVE,SEEKONK,MA,02771-5805,41.839797999999995,-71.31804699999999,41
e73d951f-a935-3b5e-81ad-6c3225f09e2d,17f895c6-4b80-37c3-aea2-52404852363f,Xavier983 Lueilwitz711,M,GENERAL PRACTICE,90 MIDDLESEX TPKE,BURLINGTON,MA,01803-4920,42.503227,-71.201713,29
72ac0f71-67e3-3e0b-a8e9-6328b3e7e568,d3df855b-3e2b-304d-a25d-11cb20d2510b,Leonardo412 VonRueden376,M,NURSE PRACTITIONER,280 BEACH ST,REVERE,MA,02151-3143,42.421005,-70.99036,0
0edf182b-2f67-3152-af0c-784121053432,d3df855b-3e2b-304d-a25d-11cb20d2510b,Reyna401 VonRueden376,F,OBSTETRICS/GYNECOLOGY,280 BEACH ST,REVERE,MA,02151-3143,42.421005,-70.99036,0
1434ffd1-097c-3ead-bfb3-2c3fe3a7f540,d3df855b-3e2b-304d-a25d-11cb20d2510b,Reyna401 VonRueden376,F,GENERAL PRACTICE,280 BEACH ST,REVERE,MA,02151-3143,42.421005,-70.99036,12
ae967f07-0422-3c6d-b7ff-27c881827f84,5f178592-5066-33f6-8594-e6f58caca21c,Eun46 Purdy2,F,GENERAL PRACTICE,5 INDUSTRIAL DRIVE,MASHPEE,MA,2649,41.6050403,-70.4944565,5
32a24bc6-74a5-303f-b2f8-2e15a6072353,df5a38ee-e493-3572-8f92-bb695aef9891,Collen405 Cronin387,F,GENERAL PRACTICE,489 BEARSES WAY,HYANNIS,MA,2601,41.6624796,-70.3008223,2
9a0964a8-06e2-37d8-82f3-360e08dc5c28,e3f1676b-9b40-3544-af4e-17a06bbb98bb,Val761 Grant908,M,GENERAL PRACTICE,637 WASHINGTON STREET,DORCHESTER,MA,2124,42.2894365,-71.0719941,1
af899df7-f299-3cf3-84b6-d4f5e4b2bc0d,98d42012-384f-39d9-b210-cc654b9441f6,Deneen201 Stark857,F,GENERAL PRACTICE,525 LONG POND DRIVE,HARWICH,MA,2645,41.722586,-70.0372004,1
5c6b5a91-69dc-3218-b6c9-19ec741be1ef,108ccece-277a-396f-8bf2-1527f74458eb,Eda506 Marvin195,F,GENERAL PRACTICE,51 LOCUST STREET,NORTHAMPTON,MA,1060,42.3323152,-72.6545646,1
0dff3f0d-f26a-3527-843e-89b04479f92b,8835b980-3bff-3225-9c0f-450c0f58455f,Jeana169 Jakubowski832,F,GENERAL PRACTICE,37 FEEDING HILLS ROAD,WESTFIELD,MA,01085,42.138838,-72.755911,1
7a915952-9b82-3b87-8ae0-003a698ef63c,90f8914f-cbe5-39f2-9b50-a3db2baecbae,Genaro214 Dach178,M,GENERAL PRACTICE,1044 PARK STREET,STOUGHTON,MA,02072,42.119006,-71.10365,1
b738b6ee-fb86-3429-b191-8725fe90b56a,5f46df70-9e51-342d-8716-6e2383b419e0,Julianne852 Ebert178,F,GENERAL PRACTICE,27 GEORGE STREET,ATTLEBORO,MA,02703,41.931653,-71.294503,1
